2013-02-15,4.800000,4.900000,4.700000,4.900000,2.686634,37050
2013-02-18,4.800000,4.900000,4.800000,4.900000,2.686634,20040
2013-02-19,4.900000,4.900000,4.700000,4.900000,2.686634,97640
2013-02-20,4.900000,5.000000,4.800000,4.900000,2.686634,123230
2013-02-21,4.900000,4.900000,4.800000,4.800000,2.631805,117310
2013-02-22,4.800000,4.900000,4.800000,4.900000,2.686634,12970
2013-02-25,4.800000,5.000000,4.800000,4.900000,2.686634,107060
2013-02-26,4.900000,4.900000,4.800000,4.900000,2.686634,31790
2013-02-27,4.900000,5.000000,4.800000,5.000000,2.741464,64280
2013-02-28,4.900000,5.000000,4.900000,5.000000,2.741464,67560
2013-03-01,5.000000,5.000000,4.900000,5.000000,2.741464,102920
2013-03-04,4.900000,5.000000,4.900000,5.000000,2.741464,19960
2013-03-05,5.000000,5.200000,5.000000,5.100000,2.796293,138920
2013-03-06,5.100000,5.200000,5.100000,5.200000,2.851122,147940
2013-03-07,5.200000,5.300000,5.000000,5.200000,2.851122,157950
2013-03-08,5.200000,5.500000,5.100000,5.500000,3.015610,183550
2013-03-11,5.500000,5.600000,5.400000,5.500000,3.015610,140550
2013-03-12,5.600000,5.600000,5.400000,5.500000,3.015610,76970
2013-03-13,5.500000,5.500000,5.300000,5.400000,2.960781,47880
2013-03-14,5.100000,5.100000,4.900000,5.000000,2.741464,661280
2013-03-15,5.000000,5.100000,5.000000,5.100000,2.796293,68160
2013-03-18,5.000000,5.200000,5.000000,5.200000,2.851122,70910
2013-03-19,5.000000,5.200000,5.000000,5.200000,2.851122,17590
2013-03-20,5.100000,5.200000,5.000000,5.200000,2.851122,33710
2013-03-21,5.200000,5.200000,5.000000,5.100000,2.796293,54010
2013-03-22,5.100000,5.100000,4.900000,5.000000,2.741464,282000
2013-03-25,5.100000,5.300000,5.000000,5.300000,2.905952,361050
2013-03-26,5.300000,5.400000,5.200000,5.400000,2.960781,403300
2013-03-27,5.400000,5.700000,5.300000,5.600000,3.070439,306220
2013-03-28,5.600000,5.900000,5.600000,5.800000,3.180098,304610
2013-04-01,5.600000,5.900000,5.600000,5.900000,3.234927,176340
2013-04-02,5.800000,5.900000,5.600000,5.700000,3.125269,180870
2013-04-03,5.600000,5.800000,5.600000,5.800000,3.180098,99920
2013-04-04,5.800000,5.900000,5.700000,5.800000,3.180098,108240
2013-04-05,5.700000,5.900000,5.700000,5.800000,3.180098,73760
2013-04-08,5.900000,5.900000,5.600000,5.700000,3.125269,132810
2013-04-09,5.700000,5.700000,5.600000,5.600000,3.070439,152570
2013-04-10,5.600000,5.600000,5.500000,5.600000,3.070439,51850
2013-04-11,5.500000,5.600000,5.400000,5.500000,3.015610,151020
2013-04-12,5.500000,5.600000,5.300000,5.500000,3.015610,126580
2013-04-15,5.500000,5.500000,5.300000,5.300000,2.905952,94570
2013-04-16,5.300000,5.500000,5.300000,5.400000,2.960781,118990
2013-04-17,5.400000,5.500000,5.300000,5.400000,2.960781,93460
2013-04-18,5.300000,5.400000,5.200000,5.300000,2.905952,46750
2013-04-19,5.400000,5.400000,5.300000,5.400000,2.960781,24530
2013-04-22,5.300000,5.400000,5.300000,5.400000,2.960781,99500
2013-04-23,5.400000,5.400000,5.200000,5.400000,2.960781,53950
2013-04-24,5.300000,5.400000,5.200000,5.400000,2.960781,57020
2013-04-25,5.200000,5.400000,5.200000,5.300000,2.905952,160700
2013-04-26,null,null,null,null,null,null
2013-04-29,5.300000,5.300000,5.100000,5.100000,2.796293,121620
2013-04-30,5.200000,5.200000,4.900000,5.200000,2.855362,273870
2013-05-02,5.200000,5.200000,5.000000,5.200000,2.855362,96990
2013-05-03,5.200000,5.300000,5.100000,5.200000,2.855362,193520
2013-05-06,5.200000,5.300000,5.100000,5.300000,2.910273,158660
2013-05-07,5.300000,5.300000,5.100000,5.300000,2.910273,80550
2013-05-08,5.200000,5.200000,5.000000,5.100000,2.800452,103270
2013-05-09,5.000000,5.100000,4.900000,5.100000,2.800452,146770
2013-05-10,5.000000,5.100000,4.900000,5.100000,2.800452,112270
2013-05-13,5.000000,5.100000,4.900000,5.100000,2.800452,83590
2013-05-14,5.000000,5.000000,4.900000,5.000000,2.745541,24880
2013-05-15,4.900000,5.000000,4.700000,4.900000,2.690629,246100
2013-05-16,4.800000,5.000000,4.800000,4.900000,2.690629,96080
2013-05-17,5.000000,5.000000,4.800000,4.900000,2.690629,168970
2013-05-20,5.000000,5.000000,4.800000,5.000000,2.745541,116190
2013-05-21,4.900000,4.900000,4.800000,4.900000,2.690629,84920
2013-05-22,4.900000,5.000000,4.800000,4.900000,2.690629,84250
2013-05-23,4.800000,4.900000,4.800000,4.900000,2.690629,31400
2013-05-24,4.800000,4.900000,4.700000,4.900000,2.690629,83130
2013-05-27,4.900000,4.900000,4.800000,4.900000,2.690629,7020
2013-05-28,4.900000,4.900000,4.800000,4.900000,2.690629,28340
2013-05-29,4.900000,5.000000,4.800000,5.000000,2.745541,181720
2013-05-31,5.000000,5.000000,4.800000,5.000000,2.745541,99780
2013-06-03,4.900000,5.000000,4.800000,4.900000,2.690629,55150
2013-06-04,4.900000,5.000000,4.800000,5.000000,2.745541,96570
2013-06-05,5.000000,5.000000,4.800000,4.900000,2.690629,63260
2013-06-06,4.900000,5.000000,4.800000,4.900000,2.690629,24640
2013-06-07,4.900000,5.000000,4.800000,4.900000,2.690629,81450
2013-06-10,4.900000,4.900000,4.800000,4.900000,2.690629,22720
2013-06-11,4.900000,4.900000,4.700000,4.800000,2.635719,103850
2013-06-12,4.800000,4.900000,4.700000,4.800000,2.635719,100930
2013-06-13,4.800000,4.800000,4.700000,4.800000,2.635719,33710
2013-06-14,4.700000,4.800000,4.700000,4.800000,2.635719,56770
2013-06-17,4.700000,4.800000,4.600000,4.800000,2.635719,78950
2013-06-18,4.700000,4.700000,4.600000,4.700000,2.580808,119990
2013-06-19,4.700000,4.700000,4.600000,4.700000,2.580808,18690
2013-06-20,4.600000,4.600000,4.200000,4.500000,2.470986,130740
2013-06-21,4.500000,4.500000,4.400000,4.500000,2.470986,16160
2013-06-24,4.400000,4.400000,4.200000,4.400000,2.416076,365790
2013-06-25,4.300000,4.400000,4.200000,4.300000,2.361165,39350
2013-06-26,4.200000,4.300000,4.100000,4.300000,2.361165,88450
2013-06-27,4.300000,4.500000,4.100000,4.500000,2.470986,164250
2013-06-28,4.400000,4.600000,4.400000,4.600000,2.525897,74800
2013-07-01,4.400000,4.600000,4.100000,4.400000,2.416076,396940
2013-07-02,4.300000,4.400000,4.100000,4.300000,2.361165,55060
2013-07-03,4.200000,4.400000,4.100000,4.400000,2.416076,70720
2013-07-04,4.400000,4.500000,4.300000,4.500000,2.470986,102140
2013-07-05,4.400000,4.600000,4.400000,4.600000,2.525897,217700
2013-07-08,4.600000,4.700000,4.500000,4.700000,2.580808,195630
2013-07-10,4.700000,4.800000,4.500000,4.700000,2.580808,108140
2013-07-11,4.600000,4.700000,4.500000,4.700000,2.580808,33820
2013-07-12,4.600000,4.600000,4.400000,4.500000,2.470986,46620
2013-07-15,4.500000,4.500000,4.400000,4.500000,2.470986,46960
2013-07-16,4.400000,4.500000,4.300000,4.500000,2.470986,139930
2013-07-17,4.500000,4.600000,4.400000,4.400000,2.416076,234490
2013-07-18,4.400000,4.500000,4.300000,4.500000,2.470986,10310
2013-07-19,4.400000,4.500000,4.300000,4.500000,2.470986,43700
2013-07-22,4.400000,4.500000,4.400000,4.500000,2.470986,19230
2013-07-23,4.500000,4.500000,4.400000,4.500000,2.470986,31630
2013-07-24,4.400000,4.500000,4.400000,4.500000,2.470986,5440
2013-07-25,4.400000,4.500000,4.400000,4.500000,2.470986,11170
2013-07-26,null,null,null,null,null,null
2013-07-29,4.600000,4.600000,4.400000,4.500000,2.470986,271510
2013-07-30,4.400000,4.500000,4.300000,4.400000,2.416076,199550
2013-07-31,4.500000,4.500000,4.300000,4.500000,2.470986,44810
2013-08-01,4.400000,4.500000,4.400000,4.500000,2.470986,57060
2013-08-02,4.400000,4.500000,4.400000,4.400000,2.416076,35350
2013-08-05,4.500000,4.600000,4.400000,4.500000,2.470986,115100
2013-08-06,4.500000,4.500000,4.400000,4.500000,2.470986,35820
2013-08-07,4.500000,4.600000,4.400000,4.500000,2.470986,114760
2013-08-08,4.500000,4.700000,4.500000,4.700000,2.580808,129750
2013-08-09,4.600000,4.700000,4.500000,4.700000,2.580808,300730
2013-08-12,4.600000,4.700000,4.600000,4.700000,2.580808,87890
2013-08-13,4.600000,4.600000,4.500000,4.600000,2.525897,63210
2013-08-14,4.600000,4.700000,4.500000,4.600000,2.525897,147530
2013-08-15,4.600000,4.700000,4.500000,4.600000,2.525897,43630
2013-08-16,4.600000,4.800000,4.500000,4.800000,2.635719,173590
2013-08-19,4.700000,4.800000,4.600000,4.800000,2.635719,77770
2013-08-20,4.800000,4.800000,4.600000,4.700000,2.580808,59540
2013-08-21,4.700000,4.700000,4.600000,4.700000,2.580808,21890
2013-08-22,4.700000,4.700000,4.600000,4.700000,2.580808,29950
2013-08-23,4.700000,4.700000,4.600000,4.700000,2.580808,30710
2013-08-26,4.600000,4.700000,4.600000,4.700000,2.580808,65840
2013-08-27,4.600000,4.700000,4.600000,4.700000,2.580808,32040
2013-08-28,4.700000,4.800000,4.600000,4.700000,2.580808,96800
2013-08-29,4.700000,4.800000,4.600000,4.800000,2.635719,191480
2013-08-30,4.700000,4.800000,4.600000,4.700000,2.580808,75020
2013-09-02,4.700000,4.800000,4.700000,4.800000,2.635719,88960
2013-09-03,4.800000,4.800000,4.600000,4.700000,2.580808,127960
2013-09-04,4.700000,4.800000,4.600000,4.700000,2.580808,37990
2013-09-05,4.700000,4.800000,4.700000,4.800000,2.635719,10220
2013-09-06,4.800000,4.800000,4.700000,4.800000,2.635719,37960
2013-09-09,4.700000,4.900000,4.700000,4.900000,2.690629,76940
2013-09-10,4.900000,4.900000,4.700000,4.800000,2.635719,55460
2013-09-11,4.700000,4.900000,4.700000,4.800000,2.635719,35670
2013-09-12,4.700000,4.800000,4.700000,4.800000,2.635719,20570
2013-09-13,4.800000,4.900000,4.800000,4.900000,2.690629,49500
2013-09-16,4.900000,4.900000,4.800000,4.900000,2.690629,20360
2013-09-17,4.800000,4.900000,4.800000,4.900000,2.690629,8580
2013-09-18,4.800000,4.900000,4.800000,4.800000,2.635719,269970
2013-09-19,4.900000,4.900000,4.700000,4.900000,2.690629,32600
2013-09-20,4.800000,4.800000,4.700000,4.800000,2.635719,47320
2013-09-23,4.800000,4.900000,4.700000,4.800000,2.635719,18440
2013-09-24,4.800000,4.900000,4.600000,4.700000,2.580808,122920
2013-09-25,4.700000,4.800000,4.600000,4.800000,2.635719,157300
2013-09-26,4.700000,4.800000,4.700000,4.800000,2.635719,14140
2013-09-27,4.800000,4.800000,4.600000,4.800000,2.635719,208630
2013-09-30,4.800000,4.800000,4.600000,4.800000,2.635719,196310
2013-10-01,4.800000,4.800000,4.600000,4.800000,2.635719,150460
2013-10-02,4.800000,4.800000,4.700000,4.800000,2.635719,109190
2013-10-03,4.800000,4.800000,4.600000,4.700000,2.580808,140500
2013-10-04,4.700000,4.800000,4.600000,4.700000,2.580808,60340
2013-10-07,4.700000,4.800000,4.700000,4.700000,2.580808,17770
2013-10-08,4.700000,4.800000,4.600000,4.700000,2.580808,62640
2013-10-09,4.700000,4.800000,4.600000,4.800000,2.635719,87540
2013-10-10,4.800000,4.800000,4.700000,4.700000,2.580808,46930
2013-10-11,4.700000,4.800000,4.600000,4.800000,2.635719,138520
2013-10-14,4.700000,4.800000,4.600000,4.700000,2.580808,48060
2013-10-15,4.700000,4.800000,4.600000,4.700000,2.580808,38120
2013-10-16,4.700000,4.700000,4.500000,4.700000,2.580808,164150
2013-10-17,4.600000,4.700000,4.500000,4.600000,2.525897,149750
2013-10-18,4.600000,4.600000,4.400000,4.600000,2.525897,82440
2013-10-21,4.600000,4.600000,4.400000,4.600000,2.525897,147310
2013-10-22,4.600000,4.600000,4.500000,4.600000,2.525897,35810
2013-10-23,4.600000,4.700000,4.500000,4.600000,2.525897,299230
2013-10-24,4.700000,4.700000,4.500000,4.600000,2.525897,32700
2013-10-25,4.500000,4.800000,4.500000,4.800000,2.635719,210640
2013-10-28,4.600000,4.900000,4.600000,4.900000,2.690629,161090
2013-10-29,4.900000,4.900000,4.700000,4.900000,2.690629,25170
2013-10-30,4.800000,4.900000,4.700000,4.800000,2.635719,63270
2013-10-31,4.800000,4.800000,4.700000,4.800000,2.635719,16340
2013-11-01,4.700000,4.800000,4.700000,4.800000,2.635719,17960
2013-11-04,4.800000,4.800000,4.700000,4.800000,2.635719,19410
2013-11-05,4.800000,4.800000,4.700000,4.800000,2.635719,43470
2013-11-06,4.700000,4.800000,4.700000,4.700000,2.580808,67690
2013-11-07,4.800000,4.800000,4.600000,4.700000,2.580808,83620
2013-11-08,4.700000,4.700000,4.600000,4.700000,2.580808,23620
2013-11-11,4.700000,4.800000,4.600000,4.800000,2.635719,48470
2013-11-12,4.800000,4.800000,4.600000,4.700000,2.580808,33700
2013-11-13,4.700000,4.900000,4.700000,4.800000,2.635719,264120
2013-11-14,4.800000,5.000000,4.800000,5.000000,2.745541,180310
2013-11-18,5.000000,5.300000,4.900000,5.300000,2.910273,435420
2013-11-19,5.300000,5.600000,5.300000,5.400000,2.965184,188510
2013-11-21,5.400000,5.600000,5.300000,5.500000,3.020095,125880
2013-11-22,5.600000,5.700000,5.500000,5.600000,3.075006,81720
2013-11-25,5.700000,5.800000,5.500000,5.600000,3.075006,169410
2013-11-26,5.600000,5.600000,5.300000,5.400000,2.965184,183440
2013-11-27,5.400000,5.500000,5.300000,5.400000,2.965184,59470
2013-11-28,5.500000,5.500000,5.200000,5.300000,2.910273,40450
2013-11-29,5.200000,5.400000,5.200000,5.400000,2.965184,69910
2013-12-02,5.300000,5.400000,5.200000,5.300000,2.910273,58080
2013-12-03,5.300000,5.300000,5.100000,5.200000,2.855362,63380
2013-12-04,5.200000,5.300000,5.100000,5.300000,2.910273,239180
2013-12-05,5.200000,5.300000,5.100000,5.300000,2.910273,21660
2013-12-06,5.200000,5.300000,5.200000,5.300000,2.910273,37360
2013-12-09,5.300000,5.400000,5.200000,5.300000,2.910273,42900
2013-12-10,5.300000,5.400000,5.200000,5.300000,2.910273,8840
2013-12-11,5.300000,5.300000,5.100000,5.200000,2.855362,78020
2013-12-12,5.300000,5.300000,5.100000,5.200000,2.855362,19250
2013-12-13,5.200000,5.300000,5.000000,5.200000,2.855362,154880
2013-12-16,5.200000,5.300000,5.100000,5.200000,2.855362,38620
2013-12-17,5.200000,5.300000,5.100000,5.300000,2.910273,6300
2013-12-18,5.200000,5.300000,5.200000,5.300000,2.910273,26290
2013-12-19,5.200000,5.400000,5.100000,5.400000,2.965184,97730
2013-12-20,5.300000,5.400000,5.200000,5.300000,2.910273,33100
2013-12-23,5.300000,5.400000,5.200000,5.300000,2.910273,63900
2013-12-26,5.300000,5.400000,5.200000,5.200000,2.855362,86960
2013-12-27,5.200000,5.300000,5.100000,5.300000,2.910273,36190
2013-12-30,5.200000,5.300000,5.100000,5.300000,2.910273,5010
2014-01-02,5.200000,5.300000,5.200000,5.300000,2.910273,5000
2014-01-03,5.200000,5.300000,5.200000,5.300000,2.910273,6530
2014-01-06,5.200000,5.300000,5.100000,5.300000,2.910273,34450
2014-01-07,5.100000,5.300000,5.100000,5.200000,2.855362,28570
2014-01-08,5.200000,5.200000,5.100000,5.200000,2.855362,9100
2014-01-09,5.100000,5.100000,5.000000,5.100000,2.800452,39420
2014-01-10,5.100000,5.100000,5.000000,5.000000,2.745541,75480
2014-01-13,5.000000,5.100000,4.900000,5.100000,2.800452,59070
2014-01-14,5.000000,5.100000,4.900000,5.000000,2.745541,33330
2014-01-15,5.000000,5.100000,4.900000,5.100000,2.800452,33430
2014-01-16,5.000000,5.100000,4.900000,5.100000,2.800452,37720
2014-01-17,5.100000,5.100000,4.900000,5.000000,2.745541,18250
2014-01-20,5.000000,5.100000,4.900000,5.000000,2.745541,54340
2014-01-21,5.100000,5.100000,4.900000,5.000000,2.745541,113710
2014-01-22,4.900000,5.000000,4.900000,5.000000,2.745541,19080
2014-01-23,5.000000,5.000000,4.900000,4.900000,2.690629,64230
2014-01-24,5.000000,5.100000,4.900000,5.000000,2.745541,198280
2014-01-27,4.900000,5.000000,4.900000,4.900000,2.690629,56580
2014-01-28,5.000000,5.000000,4.900000,5.000000,2.745541,12110
2014-01-29,5.000000,5.000000,4.900000,5.000000,2.745541,122900
2014-01-30,5.000000,5.000000,4.800000,4.900000,2.690629,20380
2014-01-31,4.900000,4.900000,4.700000,4.800000,2.635719,149110
2014-02-03,4.800000,4.900000,4.600000,4.600000,2.525897,93170
2014-02-04,4.700000,4.800000,4.600000,4.800000,2.635719,59290
2014-02-05,4.700000,4.800000,4.600000,4.700000,2.580808,271130
2014-02-06,4.600000,4.800000,4.600000,4.700000,2.580808,88360
2014-02-07,4.800000,4.800000,4.600000,4.700000,2.580808,42560
2014-02-10,4.700000,4.700000,4.600000,4.700000,2.580808,7680
2014-02-11,4.700000,4.700000,4.600000,4.700000,2.580808,46610
2014-02-12,4.700000,4.700000,4.600000,4.600000,2.525897,35980
2014-02-13,4.600000,4.700000,4.500000,4.600000,2.525897,84190
2014-02-14,4.600000,4.600000,4.500000,4.600000,2.525897,23910
2014-02-17,4.600000,4.600000,4.500000,4.600000,2.525897,37860
2014-02-18,4.600000,4.600000,4.400000,4.500000,2.470986,636220
2014-02-19,4.400000,4.500000,4.300000,4.500000,2.470986,194880
2014-02-20,4.400000,4.500000,4.400000,4.500000,2.470986,65790
2014-02-21,4.500000,4.500000,4.400000,4.500000,2.470986,10640
2014-02-24,4.400000,4.400000,4.300000,4.400000,2.416076,153980
2014-02-25,4.400000,4.500000,4.400000,4.400000,2.416076,91970
2014-02-26,4.400000,4.500000,4.400000,4.500000,2.470986,40580
2014-02-27,4.300000,4.400000,4.300000,4.400000,2.416076,101150
2014-02-28,4.400000,4.400000,4.300000,4.400000,2.416076,21640
2014-03-05,4.300000,4.400000,4.300000,4.400000,2.416076,27080
2014-03-06,4.300000,4.400000,4.300000,4.400000,2.416076,10110
2014-03-07,4.400000,4.400000,4.200000,4.300000,2.361165,132330
2014-03-10,4.200000,4.300000,4.100000,4.200000,2.306254,32610
2014-03-11,4.200000,4.300000,4.100000,4.300000,2.361165,72610
2014-03-12,4.300000,4.400000,4.200000,4.300000,2.361165,351370
2014-03-13,4.300000,4.300000,4.100000,4.200000,2.306254,120640
2014-03-14,4.200000,4.200000,4.000000,4.100000,2.251343,102060
2014-03-17,4.000000,4.100000,3.900000,4.100000,2.251343,109900
2014-03-18,4.000000,4.200000,4.000000,4.200000,2.306254,103300
2014-03-19,4.100000,4.200000,4.000000,4.100000,2.251343,52450
2014-03-20,4.000000,4.200000,3.900000,4.100000,2.251343,168360
2014-03-21,4.000000,4.100000,3.900000,4.000000,2.196432,96520
2014-03-24,3.900000,4.000000,3.900000,3.900000,2.141522,198520
2014-03-25,3.900000,4.000000,3.900000,4.000000,2.196432,34570
2014-03-26,3.900000,4.100000,3.900000,4.000000,2.196432,233820
2014-03-27,4.100000,4.300000,4.000000,4.200000,2.306254,192940
2014-03-28,4.300000,4.300000,4.100000,4.300000,2.361165,150180
2014-03-31,4.400000,4.400000,4.200000,4.400000,2.416076,129350
2014-04-01,4.300000,4.500000,4.300000,4.400000,2.416076,93930
2014-04-02,4.400000,4.500000,4.300000,4.500000,2.470986,75840
2014-04-03,4.400000,4.500000,4.400000,4.400000,2.416076,50970
2014-04-04,4.400000,4.600000,4.300000,4.400000,2.416076,351290
2014-04-07,4.500000,4.700000,4.400000,4.700000,2.580808,254680
2014-04-08,4.800000,4.800000,4.500000,4.700000,2.580808,55190
2014-04-09,4.600000,4.700000,4.600000,4.700000,2.580808,29140
2014-04-10,4.700000,4.800000,4.600000,4.800000,2.635719,113580
2014-04-11,4.800000,4.800000,4.600000,4.600000,2.525897,39220
2014-04-14,4.700000,4.800000,4.700000,4.800000,2.635719,20950
2014-04-15,4.800000,4.800000,4.600000,4.800000,2.635719,99280
2014-04-16,4.700000,4.800000,4.600000,4.700000,2.580808,46560
2014-04-17,4.600000,4.800000,4.600000,4.800000,2.635719,228590
2014-04-22,4.800000,4.800000,4.700000,4.700000,2.580808,20870
2014-04-23,4.700000,4.800000,4.600000,4.700000,2.580808,74760
2014-04-24,4.700000,4.800000,4.700000,4.800000,2.635719,48040
2014-04-25,4.800000,4.800000,4.700000,4.800000,2.635719,7370
2014-04-28,4.700000,4.800000,4.600000,4.800000,2.635719,124670
2014-04-29,4.800000,4.800000,4.600000,4.500000,2.470986,59660
2014-04-30,4.500000,4.700000,4.500000,4.600000,2.536837,63210
2014-05-02,4.700000,4.700000,4.600000,4.700000,2.591986,4080
2014-05-05,4.700000,4.700000,4.500000,4.700000,2.591986,36130
2014-05-06,4.600000,4.700000,4.400000,4.500000,2.481689,123690
2014-05-07,4.500000,4.600000,4.500000,4.600000,2.536837,53960
2014-05-08,4.600000,4.600000,4.500000,4.500000,2.481689,60930
2014-05-09,4.500000,4.600000,4.500000,4.500000,2.481689,35450
2014-05-12,4.600000,4.600000,4.500000,4.500000,2.481689,88860
2014-05-13,4.500000,4.600000,4.400000,4.600000,2.536837,100430
2014-05-14,4.600000,4.600000,4.500000,4.600000,2.536837,54890
2014-05-15,4.600000,4.600000,4.500000,4.600000,2.536837,19050
2014-05-16,4.700000,5.100000,4.700000,4.800000,2.647135,441430
2014-05-19,4.800000,4.900000,4.700000,4.900000,2.702283,96230
2014-05-20,4.800000,4.900000,4.700000,4.800000,2.647135,82140
2014-05-21,4.700000,4.800000,4.700000,4.800000,2.647135,128430
2014-05-22,4.700000,4.800000,4.600000,4.800000,2.647135,42930
2014-05-23,4.700000,4.800000,4.700000,4.800000,2.647135,10240
2014-05-26,4.800000,4.800000,4.700000,4.800000,2.647135,62490
2014-05-27,4.800000,4.800000,4.600000,4.700000,2.591986,209180
2014-05-28,4.600000,4.800000,4.600000,4.700000,2.591986,69740
2014-05-29,4.800000,4.800000,4.700000,4.700000,2.591986,27010
2014-05-30,4.700000,4.800000,4.300000,4.300000,2.371392,569010
2014-06-02,4.300000,4.400000,4.300000,4.400000,2.426540,118930
2014-06-03,4.400000,4.400000,4.300000,4.400000,2.426540,39430
2014-06-04,4.300000,4.600000,4.200000,4.500000,2.481689,617490
2014-06-05,4.500000,4.600000,4.400000,4.500000,2.481689,112580
2014-06-06,4.500000,4.600000,4.400000,4.600000,2.536837,29130
2014-06-09,4.400000,4.600000,4.400000,4.600000,2.536837,72510
2014-06-10,4.500000,4.600000,4.500000,4.600000,2.536837,109260
2014-06-11,4.600000,4.600000,4.500000,4.600000,2.536837,43960
2014-06-13,4.600000,4.700000,4.600000,4.700000,2.591986,23370
2014-06-16,4.600000,4.700000,4.600000,4.600000,2.536837,18230
2014-06-17,4.600000,4.700000,4.500000,4.700000,2.591986,19720
2014-06-18,4.600000,4.800000,4.600000,4.800000,2.647135,71960
2014-06-20,4.700000,4.800000,4.500000,4.700000,2.591986,166660
2014-06-23,4.700000,4.700000,4.400000,4.600000,2.536837,112970
2014-06-24,4.600000,4.700000,4.600000,4.700000,2.591986,36720
2014-06-25,4.700000,4.700000,4.600000,4.700000,2.591986,16800
2014-06-26,4.700000,4.800000,4.600000,4.800000,2.647135,78330
2014-06-27,4.700000,4.800000,4.700000,4.800000,2.647135,1930
2014-06-30,4.800000,4.800000,4.700000,4.800000,2.647135,55640
2014-07-01,4.800000,4.800000,4.700000,4.800000,2.647135,78030
2014-07-02,4.700000,4.800000,4.700000,4.800000,2.647135,212840
2014-07-03,4.800000,4.800000,4.700000,4.800000,2.647135,16980
2014-07-04,4.800000,4.800000,4.700000,4.800000,2.647135,2620
2014-07-07,4.800000,4.800000,4.700000,4.800000,2.647135,86750
2014-07-08,4.800000,4.800000,4.700000,4.800000,2.647135,15420
2014-07-10,4.800000,4.800000,4.700000,4.800000,2.647135,34850
2014-07-11,4.800000,4.800000,4.700000,4.800000,2.647135,36220
2014-07-14,4.700000,4.800000,4.700000,4.800000,2.647135,136060
2014-07-15,4.700000,4.800000,4.700000,4.800000,2.647135,42780
2014-07-16,4.800000,4.900000,4.700000,4.900000,2.702283,131980
2014-07-17,4.900000,4.900000,4.800000,4.900000,2.702283,35740
2014-07-18,4.900000,4.900000,4.800000,4.900000,2.702283,90980
2014-07-21,4.800000,4.800000,4.700000,4.800000,2.647135,43080
2014-07-22,4.700000,4.800000,4.700000,4.800000,2.647135,55180
2014-07-23,4.700000,4.800000,4.700000,4.800000,2.647135,9500
2014-07-24,4.800000,5.000000,4.800000,5.000000,2.757432,172840
2014-07-25,5.000000,5.000000,4.900000,5.000000,2.757432,73810
2014-07-28,5.000000,5.000000,4.800000,4.900000,2.702283,38240
2014-07-29,4.900000,5.000000,4.800000,5.000000,2.757432,35110
2014-07-30,4.900000,5.000000,4.900000,5.000000,2.757432,10010
2014-07-31,4.900000,5.000000,4.800000,4.900000,2.702283,20790
2014-08-01,4.900000,5.200000,4.900000,5.200000,2.867729,248290
2014-08-04,5.200000,5.300000,5.000000,5.200000,2.867729,91010
2014-08-05,5.200000,5.200000,5.000000,5.100000,2.812581,33090
2014-08-06,5.100000,5.200000,5.000000,5.100000,2.812581,46090
2014-08-07,5.100000,5.200000,5.000000,5.100000,2.812581,35390
2014-08-08,5.100000,5.200000,5.000000,5.200000,2.867729,91340
2014-08-11,5.200000,5.200000,5.000000,5.200000,2.867729,114640
2014-08-12,5.200000,5.300000,5.100000,5.300000,2.922878,179470
2014-08-13,5.300000,5.400000,5.200000,5.300000,2.922878,90960
2014-08-14,5.200000,5.200000,5.000000,5.100000,2.812581,196850
2014-08-15,5.100000,5.200000,5.100000,5.100000,2.812581,41200
2014-08-18,5.100000,5.200000,5.100000,5.100000,2.812581,53550
2014-08-19,5.100000,5.200000,5.000000,5.100000,2.812581,53750
2014-08-20,5.100000,5.200000,5.000000,5.100000,2.812581,42540
2014-08-21,5.200000,5.200000,5.000000,5.100000,2.812581,29010
2014-08-22,5.200000,5.200000,5.000000,5.000000,2.757432,32570
2014-08-25,5.100000,5.200000,5.000000,5.100000,2.812581,20860
2014-08-26,5.000000,5.100000,5.000000,5.100000,2.812581,334230
2014-08-27,5.100000,5.200000,5.000000,5.100000,2.812581,44840
2014-08-28,5.100000,5.200000,5.000000,5.100000,2.812581,76440
2014-08-29,5.000000,5.200000,5.000000,5.200000,2.867729,140180
2014-09-01,5.200000,5.300000,5.100000,5.300000,2.922878,42000
2014-09-02,5.200000,5.300000,5.200000,5.300000,2.922878,5750
2014-09-03,5.300000,5.300000,5.100000,5.300000,2.922878,396800
2014-09-04,5.200000,5.300000,5.100000,5.200000,2.867729,32050
2014-09-05,5.100000,5.200000,5.100000,5.200000,2.867729,19330
2014-09-08,5.100000,5.200000,5.100000,5.200000,2.867729,16830
2014-09-09,5.200000,5.200000,5.100000,5.200000,2.867729,44150
2014-09-10,5.200000,5.300000,5.100000,5.200000,2.867729,147790
2014-09-11,5.200000,5.300000,5.200000,5.200000,2.867729,49210
2014-09-12,5.200000,5.300000,5.100000,5.200000,2.867729,43860
2014-09-15,5.300000,5.300000,5.200000,5.200000,2.867729,35570
2014-09-16,5.200000,5.300000,5.100000,5.200000,2.867729,63090
2014-09-17,5.200000,5.200000,5.100000,5.200000,2.867729,27740
2014-09-18,5.200000,5.300000,5.100000,5.200000,2.867729,34670
2014-09-19,5.200000,5.300000,5.100000,5.200000,2.867729,30630
2014-09-22,5.200000,5.200000,5.100000,5.100000,2.812581,19550
2014-09-23,5.100000,5.200000,5.000000,5.200000,2.867729,91000
2014-09-24,5.100000,5.200000,5.100000,5.100000,2.812581,40420
2014-09-25,5.200000,5.300000,5.100000,5.200000,2.867729,65130
2014-09-26,5.100000,5.300000,5.100000,5.300000,2.922878,20650
2014-09-29,5.200000,5.300000,5.200000,5.300000,2.922878,99720
2014-09-30,5.300000,5.300000,5.100000,5.200000,2.867729,56650
2014-10-01,5.200000,5.200000,5.100000,5.200000,2.867729,93580
2014-10-02,5.100000,5.200000,5.000000,5.100000,2.812581,40340
2014-10-03,5.100000,5.200000,5.100000,5.200000,2.867729,22300
2014-10-06,5.200000,5.300000,5.100000,5.100000,2.812581,77600
2014-10-07,5.200000,5.200000,5.000000,5.200000,2.867729,76120
2014-10-08,5.100000,5.200000,5.100000,5.100000,2.812581,30100
2014-10-09,5.100000,5.300000,5.100000,5.200000,2.867729,94690
2014-10-10,5.200000,5.300000,5.100000,5.200000,2.867729,25570
2014-10-13,5.200000,5.300000,5.100000,5.200000,2.867729,15250
2014-10-14,5.200000,5.300000,5.100000,5.100000,2.812581,23640
2014-10-15,5.100000,5.200000,5.000000,5.100000,2.812581,9290
2014-10-16,5.100000,5.200000,5.000000,5.100000,2.812581,27940
2014-10-17,5.100000,5.200000,4.900000,5.200000,2.867729,132720
2014-10-20,5.100000,5.100000,5.000000,5.100000,2.812581,19790
2014-10-21,5.100000,5.100000,5.100000,5.100000,2.812581,32890
2014-10-22,5.000000,5.100000,4.900000,5.000000,2.757432,22120
2014-10-23,5.000000,5.000000,4.900000,5.000000,2.757432,6880
2014-10-24,5.000000,5.000000,4.900000,5.000000,2.757432,13600
2014-10-27,4.900000,5.000000,4.800000,4.900000,2.702283,62270
2014-10-28,4.900000,5.000000,4.800000,5.000000,2.757432,38210
2014-10-29,4.900000,5.000000,4.900000,4.900000,2.702283,7420
2014-10-30,4.900000,5.000000,4.900000,5.000000,2.757432,18250
2014-10-31,4.900000,5.000000,4.900000,5.000000,2.757432,22480
2014-11-03,4.900000,4.900000,4.800000,4.900000,2.702283,34520
2014-11-04,4.900000,4.900000,4.800000,4.800000,2.647135,19340
2014-11-05,4.900000,4.900000,4.700000,4.800000,2.647135,194210
2014-11-06,4.700000,4.800000,4.700000,4.800000,2.647135,6680
2014-11-07,4.700000,4.800000,4.600000,4.800000,2.647135,50290
2014-11-10,4.800000,4.800000,4.700000,4.800000,2.647135,10210
2014-11-11,4.800000,4.900000,4.700000,4.800000,2.647135,118640
2014-11-12,4.800000,4.900000,4.700000,4.800000,2.647135,8890
2014-11-13,4.800000,4.900000,4.700000,4.800000,2.647135,6870
2014-11-14,4.800000,4.900000,4.700000,4.900000,2.702283,40430
2014-11-17,4.700000,4.900000,4.700000,4.900000,2.702283,20200
2014-11-18,4.800000,4.900000,4.700000,4.800000,2.647135,14140
2014-11-19,4.800000,5.000000,4.700000,4.800000,2.647135,69810
2014-11-21,4.900000,4.900000,4.800000,4.900000,2.702283,5090
2014-11-24,4.900000,4.900000,4.800000,4.800000,2.647135,31320
2014-11-25,4.900000,5.000000,4.900000,4.900000,2.702283,86760
2014-11-26,5.000000,5.000000,4.900000,5.000000,2.757432,5080
2014-11-27,5.000000,5.000000,4.900000,5.000000,2.757432,53120
2014-11-28,4.900000,5.000000,4.900000,5.000000,2.757432,35330
2014-12-01,4.800000,4.900000,4.800000,4.900000,2.702283,12491
2014-12-02,4.900000,5.000000,4.800000,5.000000,2.757432,11168
2014-12-03,4.900000,5.000000,4.800000,4.900000,2.702283,22140
2014-12-04,5.000000,5.000000,4.800000,4.900000,2.702283,24600
2014-12-05,4.800000,4.900000,4.800000,4.800000,2.647135,67150
2014-12-08,4.900000,4.900000,4.800000,4.900000,2.702283,25690
2014-12-09,4.800000,4.900000,4.700000,4.900000,2.702283,29630
2014-12-10,4.900000,4.900000,4.700000,4.800000,2.647135,14080
2014-12-11,4.800000,4.900000,4.700000,4.800000,2.647135,34380
2014-12-12,4.700000,4.800000,4.700000,4.700000,2.591986,14180
2014-12-15,4.700000,4.800000,4.600000,4.700000,2.591986,65890
2014-12-16,4.600000,4.600000,4.500000,4.600000,2.536837,61850
2014-12-17,4.500000,4.600000,4.500000,4.600000,2.536837,23640
2014-12-18,4.600000,4.600000,4.500000,4.600000,2.536837,24480
2014-12-19,4.600000,4.600000,4.500000,4.600000,2.536837,10430
2014-12-22,4.600000,4.700000,4.500000,4.700000,2.591986,94040
2014-12-23,4.600000,4.700000,4.500000,4.700000,2.591986,32220
2014-12-26,4.700000,4.700000,4.600000,4.700000,2.591986,520
2014-12-29,4.700000,4.700000,4.500000,4.500000,2.481689,116530
2014-12-30,4.600000,4.700000,4.500000,4.700000,2.591986,21270
2015-01-02,4.600000,4.700000,4.600000,4.700000,2.591986,1410
2015-01-05,4.600000,4.700000,4.500000,4.500000,2.481689,33530
2015-01-06,4.600000,4.600000,4.500000,4.600000,2.536837,12930
2015-01-07,4.600000,4.600000,4.500000,4.600000,2.536837,2090
2015-01-08,4.500000,4.600000,4.500000,4.600000,2.536837,207330
2015-01-09,4.400000,4.500000,4.400000,4.500000,2.481689,66360
2015-01-12,4.310000,4.490000,4.110000,4.400000,2.426540,85900
2015-01-13,4.420000,4.480000,4.300000,4.480000,2.470659,20100
2015-01-14,4.460000,4.460000,4.320000,4.440000,2.448600,4100
2015-01-15,4.400000,4.400000,4.210000,4.390000,2.421025,28200
2015-01-16,4.270000,4.550000,4.250000,4.540000,2.503748,27200
2015-01-19,4.500000,4.550000,4.430000,4.550000,2.509263,13900
2015-01-20,4.510000,4.530000,4.310000,4.490000,2.476174,11700
2015-01-21,4.400000,4.690000,4.350000,4.500000,2.481689,116400
2015-01-22,4.550000,4.560000,4.450000,4.550000,2.509263,9500
2015-01-23,4.540000,4.550000,4.450000,4.480000,2.470659,40800
2015-01-26,4.480000,4.550000,4.450000,4.530000,2.498233,12000
2015-01-27,4.460000,4.500000,4.400000,4.500000,2.481689,18900
2015-01-28,4.420000,4.480000,4.300000,4.420000,2.437570,239900
2015-01-29,4.340000,4.490000,4.300000,4.490000,2.476174,30700
2015-01-30,4.500000,4.500000,4.350000,4.420000,2.437570,21000
2015-02-02,4.420000,4.420000,4.250000,4.320000,2.382421,11200
2015-02-03,4.260000,4.320000,4.200000,4.270000,2.354847,84000
2015-02-04,4.250000,4.280000,4.200000,4.270000,2.354847,14100
2015-02-05,4.270000,4.300000,4.250000,4.300000,2.371392,28400
2015-02-06,4.210000,4.320000,4.210000,4.300000,2.371392,3100
2015-02-09,4.230000,4.270000,4.180000,4.180000,2.305213,18800
2015-02-10,4.200000,4.280000,4.150000,4.180000,2.305213,24600
2015-02-11,4.200000,4.210000,4.140000,4.190000,2.310728,5500
2015-02-12,4.210000,4.210000,4.130000,4.180000,2.305213,3500
2015-02-13,4.150000,4.170000,4.130000,4.150000,2.288669,12500
2015-02-18,4.190000,4.200000,4.150000,4.180000,2.305213,22700
2015-02-19,4.160000,4.180000,4.110000,4.180000,2.305213,22000
2015-02-20,4.170000,4.170000,4.160000,4.160000,2.294183,30300
2015-02-23,4.150000,4.150000,4.000000,4.010000,2.211460,40200
2015-02-24,4.090000,4.180000,4.030000,4.180000,2.305213,84200
2015-02-25,4.170000,4.170000,4.040000,4.160000,2.294183,60200
2015-02-26,4.130000,4.150000,4.080000,4.150000,2.288669,16500
2015-02-27,4.110000,4.160000,4.090000,4.150000,2.288669,48600
2015-03-02,4.120000,4.120000,4.010000,4.110000,2.266609,60300
2015-03-03,4.150000,4.180000,4.020000,4.060000,2.239035,15300
2015-03-04,4.050000,4.150000,4.050000,4.150000,2.288669,4700
2015-03-05,4.070000,4.070000,4.010000,4.010000,2.211460,9000
2015-03-06,4.080000,4.080000,3.850000,3.900000,2.150797,22900
2015-03-09,3.890000,3.960000,3.700000,3.840000,2.117708,68600
2015-03-10,3.820000,3.900000,3.750000,3.890000,2.145282,70300
2015-03-11,3.820000,3.960000,3.800000,3.880000,2.139767,50300
2015-03-12,3.960000,4.050000,3.960000,4.050000,2.233520,36900
2015-03-13,4.000000,4.100000,4.000000,4.080000,2.250065,44800
2015-03-16,4.090000,4.090000,3.900000,4.050000,2.233520,40000
2015-03-17,4.040000,4.050000,3.900000,4.040000,2.228005,18200
2015-03-18,3.960000,4.150000,3.960000,4.150000,2.288669,54100
2015-03-19,4.060000,4.190000,4.000000,4.050000,2.233520,63300
2015-03-20,4.150000,4.170000,4.070000,4.170000,2.299698,8600
2015-03-23,4.110000,4.160000,4.050000,4.100000,2.261094,45300
2015-03-24,4.010000,4.150000,3.960000,4.110000,2.266609,90000
2015-03-25,4.040000,4.150000,3.960000,4.020000,2.216975,115900
2015-03-26,4.050000,4.100000,4.040000,4.080000,2.250065,16000
2015-03-27,4.120000,4.140000,4.020000,4.120000,2.272124,2400
2015-03-30,4.120000,4.140000,4.110000,4.130000,2.277639,16400
2015-03-31,4.130000,4.170000,4.100000,4.170000,2.299698,48500
2015-04-01,4.180000,4.220000,4.120000,4.190000,2.310728,32400
2015-04-02,4.200000,4.200000,4.160000,4.200000,2.316243,2700
2015-04-06,4.200000,4.240000,4.200000,4.200000,2.316243,13400
2015-04-07,4.190000,4.240000,4.150000,4.240000,2.338302,7400
2015-04-08,4.230000,4.300000,4.230000,4.300000,2.371392,33000
2015-04-09,4.330000,4.350000,4.270000,4.330000,2.387936,25800
2015-04-10,4.290000,4.370000,4.290000,4.350000,2.398966,5400
2015-04-13,4.350000,4.350000,4.300000,4.340000,2.393451,6300
2015-04-14,4.340000,4.410000,4.300000,4.410000,2.432055,36400
2015-04-15,4.360000,4.480000,4.360000,4.420000,2.437570,54400
2015-04-16,4.250000,4.250000,4.170000,4.220000,2.465245,34200
2015-04-17,4.290000,4.300000,4.170000,4.300000,2.511979,27400
2015-04-20,4.290000,4.300000,4.210000,4.230000,2.471087,35400
2015-04-22,4.210000,4.260000,4.140000,4.230000,2.471087,149800
2015-04-23,4.280000,4.400000,4.240000,4.320000,2.523663,88200
2015-04-24,4.350000,4.350000,4.300000,4.300000,2.511979,24900
2015-04-27,4.350000,4.410000,4.230000,4.250000,2.482770,28200
2015-04-28,4.300000,4.420000,4.280000,4.420000,2.582081,6500
2015-04-29,4.430000,4.490000,4.410000,4.470000,2.611290,69400
2015-04-30,4.400000,4.450000,4.400000,4.450000,2.599606,13100
2015-05-04,4.450000,4.650000,4.450000,4.530000,2.646341,36100
2015-05-05,4.620000,4.650000,4.530000,4.650000,2.716443,21500
2015-05-06,4.510000,4.700000,4.500000,4.650000,2.716443,21800
2015-05-07,4.650000,4.700000,4.500000,4.540000,2.652183,26700
2015-05-08,4.530000,4.570000,4.420000,4.450000,2.599606,64800
2015-05-11,4.550000,4.550000,4.450000,4.530000,2.646341,22600
2015-05-12,4.530000,4.600000,4.450000,4.600000,2.687234,15400
2015-05-13,4.600000,4.610000,4.500000,4.550000,2.658025,11900
2015-05-14,4.490000,4.730000,4.490000,4.710000,2.751493,81600
2015-05-15,4.650000,4.780000,4.600000,4.720000,2.757335,60200
2015-05-18,4.660000,4.740000,4.600000,4.630000,2.704759,374100
2015-05-19,4.650000,4.700000,4.640000,4.700000,2.745651,5800
2015-05-20,4.730000,4.980000,4.700000,4.940000,2.885855,104500
2015-05-21,4.960000,4.980000,4.810000,4.810000,2.809912,49600
2015-05-22,4.950000,4.950000,4.610000,4.820000,2.815754,18700
2015-05-25,4.770000,4.820000,4.760000,4.810000,2.809912,22900
2015-05-26,4.800000,4.810000,4.740000,4.790000,2.798228,17600
2015-05-27,4.790000,4.790000,4.730000,4.760000,2.780703,74200
2015-05-28,4.730000,4.850000,4.720000,4.820000,2.815754,34400
2015-05-29,4.850000,4.950000,4.750000,4.860000,2.839121,39700
2015-06-01,4.870000,4.960000,4.800000,4.960000,2.897539,99500
2015-06-02,4.960000,4.960000,4.800000,4.900000,2.862488,34600
2015-06-03,4.880000,4.950000,4.810000,4.940000,2.885855,26800
2015-06-05,4.940000,4.950000,4.850000,4.880000,2.850804,25100
2015-06-08,4.860000,4.950000,4.860000,4.860000,2.839121,22600
2015-06-09,4.900000,4.960000,4.850000,4.960000,2.897539,87100
2015-06-10,4.960000,5.000000,4.850000,4.950000,2.891697,40500
2015-06-11,4.980000,5.000000,4.900000,5.000000,2.920906,71800
2015-06-12,4.980000,4.990000,4.920000,4.920000,2.874172,23700
2015-06-15,4.920000,4.970000,4.870000,4.870000,2.844962,4100
2015-06-16,4.880000,4.950000,4.830000,4.850000,2.833279,22200
2015-06-17,4.820000,4.930000,4.800000,4.820000,2.815754,117900
2015-06-18,4.900000,4.940000,4.850000,4.900000,2.862488,2400
2015-06-19,4.810000,4.910000,4.810000,4.830000,2.821595,79900
2015-06-22,4.850000,4.900000,4.830000,4.890000,2.856646,12400
2015-06-23,4.880000,4.890000,4.810000,4.860000,2.839121,28500
2015-06-24,4.890000,4.890000,4.840000,4.870000,2.844962,13500
2015-06-25,4.850000,4.890000,4.840000,4.890000,2.856646,20800
2015-06-26,4.900000,4.950000,4.850000,4.900000,2.862488,13800
2015-06-29,4.870000,4.990000,4.870000,4.980000,2.909223,26000
2015-06-30,4.950000,4.990000,4.900000,4.980000,2.909223,16700
2015-07-01,4.960000,4.980000,4.920000,4.980000,2.909223,48500
2015-07-02,4.940000,5.000000,4.900000,5.000000,2.920906,19000
2015-07-03,4.960000,5.000000,4.920000,4.950000,2.891697,14900
2015-07-06,4.950000,4.980000,4.900000,4.940000,2.885855,7800
2015-07-07,4.880000,4.960000,4.870000,4.940000,2.885855,22200
2015-07-08,4.900000,4.950000,4.750000,4.920000,2.874172,68700
2015-07-10,4.920000,4.930000,4.790000,4.920000,2.874172,8400
2015-07-13,4.870000,4.890000,4.710000,4.850000,2.833279,124800
2015-07-14,4.760000,4.790000,4.720000,4.790000,2.798228,47700
2015-07-15,4.790000,4.840000,4.700000,4.790000,2.798228,48700
2015-07-16,4.760000,4.830000,4.700000,4.700000,2.745651,19900
2015-07-17,4.740000,4.810000,4.710000,4.790000,2.798228,17400
2015-07-20,4.750000,4.770000,4.740000,4.770000,2.786545,2200
2015-07-21,4.790000,4.800000,4.650000,4.750000,2.774861,4700
2015-07-22,4.690000,4.690000,4.590000,4.690000,2.739810,190300
2015-07-23,4.610000,4.660000,4.600000,4.660000,2.722284,17600
2015-07-24,4.650000,4.650000,4.570000,4.630000,2.704759,243900
2015-07-27,4.570000,4.640000,4.400000,4.460000,2.605448,174300
2015-07-28,4.420000,4.590000,4.420000,4.500000,2.628815,62300
2015-07-29,4.470000,4.640000,4.470000,4.550000,2.658025,2800
2015-07-30,4.580000,4.580000,4.420000,4.430000,2.587923,43600
2015-07-31,4.440000,4.580000,4.440000,4.490000,2.622973,32700
2015-08-03,4.500000,4.500000,4.420000,4.440000,2.593765,11500
2015-08-04,4.420000,4.440000,4.420000,4.420000,2.582081,9000
2015-08-05,4.480000,4.520000,4.400000,4.400000,2.570398,29000
2015-08-06,4.420000,4.440000,4.310000,4.310000,2.517821,16400
2015-08-07,4.480000,4.480000,4.320000,4.410000,2.576239,63200
2015-08-10,4.300000,4.560000,4.300000,4.560000,2.663866,28300
2015-08-11,4.470000,4.540000,4.450000,4.500000,2.628815,63100
2015-08-12,4.400000,4.500000,4.390000,4.410000,2.576239,124200
2015-08-13,4.640000,4.640000,4.400000,4.490000,2.622973,63000
2015-08-14,4.500000,4.560000,4.410000,4.490000,2.622973,8600
2015-08-17,4.430000,4.450000,4.200000,4.450000,2.599606,16200
2015-08-18,4.440000,4.480000,4.300000,4.450000,2.599606,19200
2015-08-19,4.390000,4.400000,4.260000,4.290000,2.506137,48200
2015-08-20,4.350000,4.400000,4.180000,4.280000,2.500296,69800
2015-08-21,4.270000,4.600000,4.220000,4.340000,2.535347,16400
2015-08-24,4.220000,4.290000,4.160000,4.200000,2.453561,74600
2015-08-25,4.210000,4.240000,4.140000,4.190000,2.447719,21100
2015-08-26,4.190000,4.380000,4.190000,4.310000,2.517821,122000
2015-08-27,4.260000,4.420000,4.250000,4.400000,2.570398,7700
2015-08-28,4.370000,4.390000,4.270000,4.300000,2.511979,15900
2015-08-31,4.450000,4.450000,4.290000,4.300000,2.511979,34300
2015-09-01,4.310000,4.310000,4.000000,4.000000,2.336725,36700
2015-09-02,4.010000,4.200000,3.870000,4.180000,2.441877,120100
2015-09-03,4.180000,4.190000,3.980000,4.170000,2.436036,28000
2015-09-04,4.070000,4.150000,4.010000,4.030000,2.354250,28700
2015-09-08,4.030000,4.180000,3.950000,4.150000,2.424352,30400
2015-09-09,4.200000,4.350000,4.130000,4.350000,2.541188,38000
2015-09-10,4.200000,4.350000,4.190000,4.350000,2.541188,30500
2015-09-11,4.240000,4.380000,4.200000,4.200000,2.453561,23300
2015-09-14,4.110000,4.170000,3.900000,3.990000,2.330883,80700
2015-09-15,3.990000,4.040000,3.850000,4.000000,2.336725,44900
2015-09-16,3.900000,4.050000,3.860000,4.050000,2.365934,43100
2015-09-17,4.040000,4.140000,3.970000,3.970000,2.319200,91100
2015-09-18,3.910000,3.910000,3.910000,3.910000,2.284149,15100
2015-09-21,3.970000,3.990000,3.910000,3.980000,2.325041,5800
2015-09-22,3.900000,4.000000,3.820000,4.000000,2.336725,22900
2015-09-23,4.000000,4.050000,3.970000,4.010000,2.342567,23300
2015-09-24,3.850000,4.140000,3.850000,4.130000,2.412668,33000
2015-09-25,4.090000,4.140000,4.020000,4.140000,2.418510,3200
2015-09-28,4.050000,4.140000,4.050000,4.070000,2.377618,14200
2015-09-29,4.110000,4.120000,4.000000,4.120000,2.406827,4600
2015-09-30,4.090000,4.190000,4.090000,4.190000,2.447719,1700
2015-10-01,4.180000,4.180000,4.150000,4.180000,2.441877,26600
2015-10-02,4.090000,4.190000,4.090000,4.170000,2.436036,12500
2015-10-05,4.190000,4.260000,4.140000,4.140000,2.418510,33800
2015-10-06,4.140000,4.200000,4.060000,4.060000,2.371776,65700
2015-10-07,4.240000,4.240000,4.030000,4.060000,2.371776,116300
2015-10-08,4.010000,4.050000,3.970000,3.970000,2.319200,52200
2015-10-09,3.930000,4.000000,3.870000,3.940000,2.301674,35500
2015-10-13,3.940000,3.990000,3.910000,3.990000,2.330883,91500
2015-10-14,3.960000,3.960000,3.900000,3.910000,2.284149,8100
2015-10-15,3.890000,4.060000,3.890000,4.060000,2.371776,10200
2015-10-16,3.950000,4.050000,3.950000,4.050000,2.365934,6200
2015-10-19,4.050000,4.050000,4.000000,4.000000,2.336725,6600
2015-10-20,3.990000,4.060000,3.990000,4.050000,2.365934,15700
2015-10-21,3.950000,4.050000,3.950000,4.050000,2.365934,2500
2015-10-22,4.090000,4.140000,4.050000,4.130000,2.412668,4100
2015-10-23,4.130000,4.190000,4.080000,4.150000,2.424352,19900
2015-10-26,4.140000,4.190000,4.090000,4.190000,2.447719,8300
2015-10-27,4.090000,4.100000,4.050000,4.050000,2.365934,9600
2015-10-28,4.020000,4.020000,4.020000,4.020000,2.348408,700
2015-10-29,4.090000,4.100000,3.840000,3.840000,2.243256,35300
2015-10-30,3.940000,3.940000,3.900000,3.900000,2.278307,4600
2015-11-03,3.900000,3.900000,3.850000,3.870000,2.260781,16300
2015-11-04,3.980000,3.980000,3.900000,3.900000,2.278307,6100
2015-11-05,3.910000,3.940000,3.860000,3.910000,2.284149,17000
2015-11-06,3.950000,4.000000,3.940000,3.950000,2.307516,39700
2015-11-09,3.950000,3.950000,3.950000,3.950000,2.307516,1400
2015-11-10,3.900000,4.000000,3.890000,4.000000,2.336725,34400
2015-11-11,4.000000,4.110000,4.000000,4.030000,2.354250,18800
2015-11-12,3.990000,4.040000,3.850000,3.920000,2.289990,218300
2015-11-13,3.900000,3.980000,3.850000,3.950000,2.307516,158600
2015-11-16,3.940000,3.940000,3.800000,3.910000,2.284149,197600
2015-11-17,3.850000,3.890000,3.820000,3.880000,2.266623,14800
2015-11-18,3.810000,3.940000,3.800000,3.940000,2.301674,44000
2015-11-19,3.900000,3.900000,3.750000,3.900000,2.278307,47700
2015-11-23,3.900000,3.900000,3.750000,3.820000,2.231572,160100
2015-11-24,3.810000,3.870000,3.780000,3.780000,2.208205,125900
2015-11-25,3.830000,3.860000,3.720000,3.790000,2.214047,63500
2015-11-26,3.850000,3.850000,3.820000,3.840000,2.243256,12000
2015-11-27,3.810000,3.870000,3.790000,3.870000,2.260781,29600
2015-11-30,3.810000,3.870000,3.800000,3.860000,2.254939,8400
2015-12-01,3.840000,3.860000,3.820000,3.820000,2.231572,6300
2015-12-02,3.870000,3.870000,3.730000,3.800000,2.219889,15700
2015-12-03,3.800000,3.840000,3.620000,3.790000,2.214047,34200
2015-12-04,3.730000,3.830000,3.730000,3.830000,2.237414,15100
2015-12-07,3.850000,3.860000,3.840000,3.850000,2.249098,5000
2015-12-08,3.860000,3.860000,3.820000,3.850000,2.249098,3400
2015-12-09,3.850000,3.850000,3.810000,3.850000,2.249098,12000
2015-12-10,3.840000,3.890000,3.840000,3.840000,2.243256,41100
2015-12-11,3.850000,3.890000,3.830000,3.890000,2.272465,26700
2015-12-14,3.850000,3.880000,3.850000,3.880000,2.266623,4500
2015-12-15,4.070000,4.250000,3.860000,4.000000,2.336725,260900
2015-12-16,4.090000,4.200000,4.050000,4.100000,2.395143,43600
2015-12-17,4.050000,4.130000,4.050000,4.130000,2.412668,18400
2015-12-18,4.100000,4.160000,4.030000,4.150000,2.424352,15000
2015-12-21,4.150000,4.170000,4.110000,4.170000,2.436036,20300
2015-12-22,4.120000,4.130000,4.100000,4.130000,2.412668,28800
2015-12-23,4.120000,4.160000,4.120000,4.150000,2.424352,10000
2015-12-28,4.150000,4.170000,4.070000,4.130000,2.412668,21900
2015-12-29,4.170000,4.240000,4.170000,4.240000,2.476928,121000
2015-12-30,4.230000,4.390000,4.230000,4.330000,2.529505,112000
2016-01-04,4.330000,4.450000,4.200000,4.400000,2.570398,239100
2016-01-05,4.360000,4.390000,4.360000,4.360000,2.547030,2600
2016-01-06,4.310000,4.350000,4.300000,4.330000,2.529505,8700
2016-01-07,4.350000,4.370000,4.250000,4.370000,2.552872,31300
2016-01-08,4.260000,4.350000,4.100000,4.100000,2.395143,28600
2016-01-11,4.300000,4.300000,4.070000,4.110000,2.400985,8400
2016-01-12,4.050000,4.180000,4.020000,4.150000,2.424352,14500
2016-01-13,4.080000,4.220000,4.080000,4.200000,2.453561,23700
2016-01-14,4.120000,4.290000,4.120000,4.120000,2.406827,76600
2016-01-15,4.150000,4.220000,4.020000,4.220000,2.465245,4800
2016-01-18,4.110000,4.200000,4.000000,4.190000,2.447719,24900
2016-01-19,4.100000,4.190000,4.060000,4.060000,2.371776,55000
2016-01-20,4.070000,4.160000,4.040000,4.160000,2.430194,55700
2016-01-21,4.170000,4.200000,4.140000,4.190000,2.447719,4100
2016-01-22,4.110000,4.200000,4.060000,4.060000,2.371776,14700
2016-01-26,4.060000,4.060000,4.000000,4.020000,2.348408,11600
2016-01-27,4.050000,4.070000,4.000000,4.040000,2.360092,27900
2016-01-28,4.020000,4.080000,4.020000,4.080000,2.383460,9300
2016-01-29,4.040000,4.140000,4.040000,4.140000,2.418510,11800
2016-02-01,4.100000,4.120000,4.060000,4.060000,2.371776,4300
2016-02-02,4.140000,4.140000,4.000000,4.010000,2.342567,25900
2016-02-03,4.050000,4.150000,4.050000,4.110000,2.400985,284600
2016-02-04,4.150000,4.360000,4.100000,4.360000,2.547030,51000
2016-02-05,4.320000,4.360000,4.260000,4.350000,2.541188,5600
2016-02-10,4.350000,4.350000,4.170000,4.300000,2.511979,9000
2016-02-11,4.260000,4.450000,4.260000,4.430000,2.587923,74600
2016-02-12,4.410000,4.480000,4.360000,4.480000,2.617132,65400
2016-02-15,4.470000,4.550000,4.350000,4.500000,2.628815,157900
2016-02-16,4.580000,4.760000,4.510000,4.700000,2.745651,104200
2016-02-17,4.700000,4.850000,4.690000,4.800000,2.804070,147400
2016-02-18,4.700000,4.860000,4.420000,4.800000,2.804070,19700
2016-02-19,4.800000,4.830000,4.790000,4.820000,2.815754,22300
2016-02-22,4.790000,4.810000,4.790000,4.800000,2.804070,130600
2016-02-23,4.800000,4.810000,4.800000,4.800000,2.804070,46100
2016-02-24,4.800000,4.890000,4.800000,4.800000,2.804070,103200
2016-02-25,4.800000,4.870000,4.800000,4.830000,2.821595,175600
2016-02-26,4.800000,4.820000,4.800000,4.800000,2.804070,44700
2016-02-29,4.850000,4.870000,4.790000,4.860000,2.839121,41700
2016-03-01,4.800000,4.830000,4.790000,4.830000,2.821595,18200
2016-03-02,4.800000,4.810000,4.800000,4.810000,2.809912,27900
2016-03-03,4.810000,4.830000,4.810000,4.820000,2.815754,20600
2016-03-04,4.840000,4.870000,4.810000,4.870000,2.844962,62000
2016-03-07,4.820000,4.850000,4.800000,4.850000,2.833279,36500
2016-03-08,4.800000,4.860000,4.790000,4.830000,2.821595,46200
2016-03-09,4.800000,4.880000,4.790000,4.860000,2.839121,60800
2016-03-10,4.800000,4.900000,4.720000,4.860000,2.839121,64700
2016-03-11,4.820000,4.860000,4.800000,4.800000,2.804070,30200
2016-03-14,4.960000,4.960000,4.700000,4.820000,2.815754,175200
2016-03-15,4.790000,4.850000,4.750000,4.750000,2.774861,80100
2016-03-16,4.850000,4.970000,4.750000,4.950000,2.891697,62600
2016-03-17,4.940000,5.060000,4.940000,5.040000,2.944273,150900
2016-03-18,5.100000,5.150000,5.000000,5.130000,2.996850,40100
2016-03-21,6.050000,6.060000,5.770000,5.770000,3.370726,370400
2016-03-22,5.850000,6.040000,5.820000,5.930000,3.464195,250700
2016-03-23,5.960000,6.000000,5.870000,5.900000,3.446670,122100
2016-03-24,5.840000,5.940000,5.840000,5.930000,3.464195,12800
2016-03-28,5.930000,5.980000,5.920000,5.930000,3.464195,7700
2016-03-29,5.960000,5.970000,5.920000,5.960000,3.481720,10400
2016-03-30,5.900000,6.000000,5.900000,5.920000,3.458353,124600
2016-03-31,6.000000,6.150000,5.990000,6.120000,3.575189,17700
2016-04-01,6.100000,6.250000,6.000000,6.050000,3.534297,47600
2016-04-04,6.020000,6.250000,6.000000,6.190000,3.616082,19300
2016-04-05,6.080000,6.080000,6.070000,6.070000,3.545980,5500
2016-04-06,6.040000,6.230000,6.030000,6.230000,3.639449,32600
2016-04-07,6.060000,6.240000,6.050000,6.240000,3.645291,37400
2016-04-08,6.220000,6.300000,6.150000,6.300000,3.680342,170900
2016-04-11,6.300000,6.400000,6.300000,6.380000,3.727076,61600
2016-04-12,6.430000,6.440000,6.220000,6.370000,3.721234,44400
2016-04-13,6.360000,6.360000,6.230000,6.280000,3.668658,3900
2016-04-14,6.270000,6.310000,6.160000,6.300000,3.680342,17300
2016-04-15,6.330000,6.340000,6.220000,6.340000,3.703709,13300
2016-04-18,6.340000,6.400000,6.200000,6.400000,3.738760,104400
2016-04-19,6.410000,6.440000,6.300000,6.410000,3.744601,10800
2016-04-20,6.410000,6.410000,6.330000,6.400000,3.738760,26800
2016-04-22,6.400000,6.410000,6.320000,6.410000,3.744601,44100
2016-04-25,6.400000,6.400000,6.350000,6.400000,3.738760,8600
2016-04-26,6.390000,6.400000,6.340000,6.400000,3.738760,33900
2016-04-27,6.330000,6.400000,6.330000,6.340000,3.703709,26300
2016-04-28,6.340000,6.410000,6.330000,6.400000,3.738760,22600
2016-04-29,6.420000,6.420000,6.370000,6.370000,3.721234,13200
2016-05-02,6.250000,6.390000,6.000000,6.150000,3.781061,35200
2016-05-03,6.280000,6.280000,6.050000,6.190000,3.805653,28900
2016-05-04,6.190000,6.280000,6.080000,6.080000,3.738024,200500
2016-05-05,6.100000,6.300000,6.090000,6.190000,3.805653,23500
2016-05-06,6.250000,6.420000,6.250000,6.420000,3.947059,30300
2016-05-09,6.470000,6.470000,6.260000,6.400000,3.934762,10900
2016-05-10,6.350000,6.350000,6.110000,6.110000,3.756469,10600
2016-05-11,6.130000,6.190000,6.090000,6.090000,3.744172,7600
2016-05-12,6.270000,6.400000,6.270000,6.400000,3.934762,45000
2016-05-13,6.320000,6.320000,6.250000,6.300000,3.873282,6000
2016-05-16,6.230000,6.280000,6.200000,6.260000,3.848690,12600
2016-05-17,6.200000,6.250000,6.140000,6.250000,3.842541,33300
2016-05-18,6.250000,6.290000,6.100000,6.290000,3.867133,12100
2016-05-19,6.210000,6.240000,6.150000,6.200000,3.811801,14900
2016-05-20,6.280000,6.280000,6.190000,6.200000,3.811801,3800
2016-05-23,6.160000,6.230000,6.130000,6.130000,3.768764,4800
2016-05-24,6.190000,6.240000,6.160000,6.240000,3.836393,6500
2016-05-25,6.200000,6.230000,6.180000,6.210000,3.817949,5200
2016-05-27,6.210000,6.240000,6.150000,6.240000,3.836393,4300
2016-05-30,6.230000,6.250000,6.230000,6.250000,3.842541,58600
2016-05-31,6.240000,6.300000,6.230000,6.240000,3.836393,12300
2016-06-01,6.230000,6.240000,6.210000,6.220000,3.824097,7300
2016-06-02,6.200000,6.280000,6.160000,6.280000,3.860986,10400
2016-06-03,6.210000,6.270000,6.200000,6.270000,3.854838,63300
2016-06-06,6.200000,6.600000,6.200000,6.400000,3.934762,68800
2016-06-07,6.250000,6.370000,6.250000,6.330000,3.891726,49100
2016-06-08,6.400000,6.400000,6.260000,6.350000,3.904022,5400
2016-06-09,6.250000,6.340000,6.250000,6.320000,3.885578,7300
2016-06-10,6.290000,6.330000,6.120000,6.300000,3.873282,28500
2016-06-13,6.450000,6.450000,6.250000,6.290000,3.867133,4600
2016-06-14,6.240000,6.280000,6.200000,6.250000,3.842541,18500
2016-06-15,6.240000,6.240000,6.150000,6.150000,3.781061,8200
2016-06-16,6.180000,6.200000,6.160000,6.170000,3.793357,9200
2016-06-17,6.190000,6.240000,6.100000,6.160000,3.787209,12200
2016-06-20,6.240000,6.260000,6.170000,6.170000,3.793357,5100
2016-06-21,6.200000,6.200000,6.120000,6.120000,3.762617,3200
2016-06-22,6.190000,6.190000,6.080000,6.100000,3.750320,81600
2016-06-23,6.080000,6.190000,6.080000,6.190000,3.805653,34300
2016-06-24,6.100000,6.180000,6.080000,6.100000,3.750320,13400
2016-06-27,6.160000,6.160000,6.000000,6.110000,3.756469,17900
2016-06-28,6.150000,6.190000,6.110000,6.150000,3.781061,2400
2016-06-29,6.190000,6.200000,6.020000,6.100000,3.750320,14900
2016-06-30,6.150000,6.200000,6.100000,6.200000,3.811801,27900
2016-07-01,6.130000,6.190000,6.110000,6.180000,3.799505,8500
2016-07-04,6.190000,6.190000,6.100000,6.150000,3.781061,8700
2016-07-05,6.100000,6.150000,6.060000,6.070000,3.731876,20200
2016-07-06,6.080000,6.180000,6.070000,6.130000,3.768764,11400
2016-07-07,6.130000,6.180000,6.080000,6.100000,3.750320,40400
2016-07-08,6.100000,6.150000,6.050000,6.100000,3.750320,230400
2016-07-11,6.120000,6.140000,6.080000,6.090000,3.744172,18200
2016-07-12,6.090000,6.200000,6.090000,6.180000,3.799505,12900
2016-07-13,6.120000,6.250000,6.050000,6.250000,3.842541,67400
2016-07-14,6.190000,6.230000,6.150000,6.150000,3.781061,16400
2016-07-15,6.200000,6.200000,6.140000,6.140000,3.774913,10700
2016-07-18,6.120000,6.150000,6.100000,6.150000,3.781061,32600
2016-07-19,6.150000,6.170000,6.090000,6.110000,3.756469,24500
2016-07-20,6.120000,6.420000,6.110000,6.420000,3.947059,69800
2016-07-21,6.500000,6.650000,6.340000,6.340000,3.897874,99500
2016-07-22,6.530000,6.530000,6.310000,6.380000,3.922466,4600
2016-07-25,6.350000,6.350000,6.220000,6.250000,3.842541,11100
2016-07-26,6.250000,6.270000,6.160000,6.190000,3.805653,19100
2016-07-27,6.220000,6.340000,6.210000,6.230000,3.830245,5100
2016-07-28,6.250000,6.300000,6.220000,6.220000,3.824097,8100
2016-07-29,6.240000,6.270000,6.230000,6.230000,3.830245,6200
2016-08-01,6.230000,6.290000,6.060000,6.110000,3.756469,7000
2016-08-02,6.160000,6.160000,6.060000,6.080000,3.738024,12800
2016-08-03,6.150000,6.150000,6.080000,6.130000,3.768764,12800
2016-08-04,6.150000,6.250000,6.130000,6.200000,3.811801,12600
2016-08-05,6.200000,6.260000,6.130000,6.260000,3.848690,7600
2016-08-08,6.200000,6.250000,6.180000,6.200000,3.811801,6700
2016-08-09,6.170000,6.250000,6.160000,6.250000,3.842541,4300
2016-08-10,6.270000,6.270000,6.190000,6.190000,3.805653,6900
2016-08-11,6.220000,6.240000,6.200000,6.200000,3.811801,41800
2016-08-12,6.250000,6.380000,6.250000,6.350000,3.904022,14300
2016-08-15,6.320000,6.370000,6.250000,6.350000,3.904022,5600
2016-08-16,6.350000,6.370000,6.320000,6.320000,3.885578,7700
2016-08-17,6.370000,6.380000,6.330000,6.380000,3.922466,700
2016-08-18,6.330000,6.330000,6.320000,6.320000,3.885578,1600
2016-08-19,6.320000,6.450000,6.320000,6.400000,3.934762,12100
2016-08-22,6.360000,6.410000,6.310000,6.410000,3.940910,23100
2016-08-23,6.370000,6.410000,6.360000,6.410000,3.940910,10500
2016-08-24,6.400000,6.590000,6.250000,6.580000,4.045427,62200
2016-08-25,6.610000,6.710000,6.460000,6.670000,4.100760,23500
2016-08-26,6.700000,6.800000,6.600000,6.790000,4.174537,34300
2016-08-29,6.800000,6.920000,6.800000,6.920000,4.254462,27100
2016-08-30,6.950000,6.950000,6.900000,6.900000,4.242166,32300
2016-08-31,6.900000,6.910000,6.850000,6.900000,4.242166,4300
2016-09-01,6.800000,6.900000,6.650000,6.900000,4.242166,87700
2016-09-02,6.900000,6.900000,6.600000,6.780000,4.168389,18200
2016-09-05,6.620000,6.700000,6.610000,6.630000,4.076168,12800
2016-09-06,6.640000,6.680000,6.600000,6.620000,4.070020,9100
2016-09-08,6.620000,6.900000,6.580000,6.880000,4.229870,57100
2016-09-09,6.710000,6.780000,6.620000,6.740000,4.143796,9000
2016-09-12,6.660000,6.850000,6.610000,6.610000,4.063872,10500
2016-09-13,6.610000,6.800000,6.560000,6.650000,4.088464,19300
2016-09-14,6.650000,6.800000,6.530000,6.750000,4.149945,7800
2016-09-15,6.740000,6.750000,6.600000,6.750000,4.149945,34500
2016-09-16,6.680000,6.720000,6.560000,6.630000,4.076168,3200
2016-09-19,6.630000,6.700000,6.520000,6.600000,4.057724,46800
2016-09-20,6.670000,6.690000,6.580000,6.610000,4.063872,10700
2016-09-21,6.630000,6.690000,6.550000,6.690000,4.113056,9300
2016-09-22,6.750000,6.750000,6.640000,6.690000,4.113056,5200
2016-09-23,6.620000,6.880000,6.600000,6.860000,4.217574,42400
2016-09-26,6.880000,6.890000,6.840000,6.850000,4.211425,3800
2016-09-27,6.700000,6.840000,6.650000,6.780000,4.168389,3000
2016-09-28,6.850000,6.850000,6.680000,6.800000,4.180685,8900
2016-09-29,6.850000,6.850000,6.600000,6.790000,4.174537,21000
2016-09-30,6.790000,6.850000,6.640000,6.800000,4.180685,2900
2016-10-03,6.800000,6.800000,6.650000,6.670000,4.100760,6500
2016-10-04,6.670000,6.730000,6.630000,6.730000,4.137649,4500
2016-10-05,6.700000,6.700000,6.620000,6.640000,4.082316,7400
2016-10-06,6.640000,6.670000,6.630000,6.640000,4.082316,5300
2016-10-07,6.640000,6.700000,6.600000,6.620000,4.070020,9100
2016-10-10,6.650000,6.690000,6.600000,6.640000,4.082316,18700
2016-10-11,6.620000,6.620000,6.600000,6.610000,4.063872,14500
2016-10-13,6.610000,6.620000,6.600000,6.610000,4.063872,7000
2016-10-14,6.630000,6.690000,6.610000,6.680000,4.106908,7300
2016-10-17,6.650000,6.740000,6.650000,6.740000,4.143796,8000
2016-10-18,6.780000,6.850000,6.680000,6.840000,4.205277,18600
2016-10-19,6.870000,6.870000,6.730000,6.800000,4.180685,8000
2016-10-20,6.800000,6.800000,6.730000,6.730000,4.137649,4800
2016-10-21,6.780000,6.850000,6.680000,6.830000,4.199129,8700
2016-10-24,6.730000,6.780000,6.720000,6.740000,4.143796,11000
2016-10-25,6.720000,6.800000,6.710000,6.760000,4.156093,43300
2016-10-26,6.830000,6.840000,6.730000,6.840000,4.205277,3000
2016-10-27,6.800000,6.810000,6.730000,6.750000,4.149945,4700
2016-10-28,6.730000,6.800000,6.720000,6.750000,4.149945,9000
2016-10-31,6.730000,6.770000,6.630000,6.720000,4.131500,25000
2016-11-01,6.650000,6.700000,6.600000,6.600000,4.057724,47000
2016-11-03,6.600000,6.780000,6.500000,6.500000,3.996243,6100
2016-11-04,6.650000,6.750000,6.500000,6.530000,4.014688,1400
2016-11-07,6.730000,6.730000,6.400000,6.600000,4.057724,19200
2016-11-08,6.670000,6.820000,6.600000,6.750000,4.149945,35400
2016-11-09,6.640000,6.760000,6.640000,6.760000,4.156093,60600
2016-11-10,6.660000,6.790000,6.620000,6.780000,4.168389,13600
2016-11-11,6.780000,6.790000,6.650000,6.770000,4.162241,34000
2016-11-14,6.650000,6.780000,6.650000,6.780000,4.168389,800
2016-11-16,6.780000,6.790000,6.700000,6.790000,4.174537,7400
2016-11-17,6.710000,6.790000,6.670000,6.770000,4.162241,8700
2016-11-18,6.650000,6.790000,6.650000,6.780000,4.168389,5600
2016-11-21,6.780000,6.790000,6.720000,6.790000,4.174537,20900
2016-11-22,6.740000,6.790000,6.740000,6.760000,4.156093,22500
2016-11-23,6.660000,6.790000,6.660000,6.740000,4.143796,3800
2016-11-24,6.750000,6.760000,6.700000,6.760000,4.156093,6800
2016-11-25,6.750000,6.790000,6.710000,6.790000,4.174537,14800
2016-11-28,6.760000,6.790000,6.710000,6.760000,4.156093,4100
2016-11-29,6.760000,6.790000,6.710000,6.790000,4.174537,10700
2016-11-30,6.790000,6.790000,6.710000,6.790000,4.174537,20500
2016-12-01,6.720000,6.720000,6.610000,6.700000,4.119205,42600
2016-12-02,6.750000,6.750000,6.650000,6.660000,4.094612,8500
2016-12-05,6.660000,6.730000,6.640000,6.640000,4.082316,14100
2016-12-06,6.640000,6.700000,6.620000,6.680000,4.106908,38200
2016-12-07,6.670000,6.740000,6.620000,6.740000,4.143796,70400
2016-12-08,6.740000,6.750000,6.690000,6.690000,4.113056,30700
2016-12-09,6.720000,6.790000,6.700000,6.760000,4.156093,83300
2016-12-12,6.830000,6.850000,6.740000,6.740000,4.143796,8800
2016-12-13,6.740000,6.800000,6.720000,6.800000,4.180685,10400
2016-12-14,6.850000,6.850000,6.710000,6.740000,4.143796,22200
2016-12-15,6.750000,6.770000,6.740000,6.770000,4.162241,13300
2016-12-16,6.790000,6.790000,6.720000,6.790000,4.174537,15600
2016-12-19,6.750000,6.790000,6.620000,6.790000,4.174537,40600
2016-12-20,6.780000,6.790000,6.680000,6.790000,4.174537,3300
2016-12-21,6.750000,6.750000,6.750000,6.750000,4.149945,7900
2016-12-22,6.720000,6.780000,6.700000,6.750000,4.149945,8200
2016-12-23,6.800000,6.830000,6.750000,6.750000,4.149945,1500
2016-12-26,6.820000,6.820000,6.690000,6.790000,4.174537,4400
2016-12-27,6.820000,6.820000,6.680000,6.790000,4.174537,2600
2016-12-28,6.790000,6.850000,6.740000,6.830000,4.199129,27700
2016-12-29,6.860000,6.860000,6.720000,6.850000,4.211425,9200
2017-01-02,6.850000,6.880000,6.780000,6.830000,4.199129,1900
2017-01-03,6.770000,6.830000,6.710000,6.750000,4.149945,32400
2017-01-04,6.840000,6.840000,6.740000,6.820000,4.192981,1000
2017-01-05,6.840000,6.860000,6.750000,6.850000,4.211425,34900
2017-01-06,6.730000,6.860000,6.720000,6.780000,4.168389,1300
2017-01-09,6.780000,6.800000,6.740000,6.800000,4.180685,13000
2017-01-10,6.810000,6.810000,6.750000,6.790000,4.174537,3500
2017-01-11,6.790000,6.790000,6.740000,6.740000,4.143796,26300
2017-01-12,6.780000,6.810000,6.750000,6.810000,4.186833,43200
2017-01-13,6.810000,6.810000,6.760000,6.760000,4.156093,5900
2017-01-16,6.820000,6.820000,6.770000,6.790000,4.174537,24000
2017-01-17,6.820000,6.840000,6.750000,6.820000,4.192981,10500
2017-01-18,6.830000,6.850000,6.830000,6.840000,4.205277,7100
2017-01-19,6.810000,6.840000,6.780000,6.840000,4.205277,5600
2017-01-20,6.850000,6.890000,6.790000,6.870000,4.223721,20400
2017-01-23,6.890000,6.890000,6.820000,6.820000,4.192981,19200
2017-01-24,6.820000,6.870000,6.810000,6.850000,4.211425,12400
2017-01-26,6.850000,6.890000,6.810000,6.880000,4.229870,79800
2017-01-27,6.890000,7.100000,6.890000,7.030000,4.322091,97800
2017-01-30,7.100000,7.100000,7.030000,7.050000,4.334387,19800
2017-01-31,7.070000,7.070000,6.950000,7.000000,4.303647,15500
2017-02-01,7.130000,7.350000,7.040000,7.100000,4.365127,21200
2017-02-02,7.100000,7.100000,6.930000,7.060000,4.340535,119200
2017-02-03,7.200000,7.200000,7.000000,7.050000,4.334387,81900
2017-02-06,7.180000,7.200000,7.150000,7.150000,4.395867,7800
2017-02-07,7.180000,7.180000,7.030000,7.100000,4.365127,44100
2017-02-08,7.100000,7.150000,6.970000,7.000000,4.303647,88200
2017-02-09,6.960000,7.000000,6.940000,6.940000,4.266758,20800
2017-02-10,7.010000,7.350000,7.010000,7.350000,4.518829,66600
2017-02-13,7.340000,7.340000,7.140000,7.250000,4.457348,173200
2017-02-14,7.290000,7.290000,7.200000,7.270000,4.469644,46500
2017-02-15,7.250000,7.300000,7.240000,7.260000,4.463496,38000
2017-02-16,7.260000,7.290000,7.230000,7.250000,4.457348,126600
2017-02-17,7.310000,7.310000,7.220000,7.300000,4.488088,117400
2017-02-20,7.330000,7.330000,7.250000,7.300000,4.488088,82800
2017-02-21,7.310000,7.390000,7.260000,7.300000,4.488088,46600
2017-02-22,7.300000,7.310000,7.120000,7.230000,4.445052,43100
2017-02-23,7.280000,7.280000,7.230000,7.230000,4.445052,29500
2017-02-24,7.300000,7.780000,7.240000,7.450000,4.580309,76800
2017-03-01,7.450000,7.500000,7.420000,7.500000,4.611050,13600
2017-03-02,7.550000,7.970000,7.540000,7.750000,4.764751,61800
2017-03-03,7.900000,7.980000,7.750000,7.750000,4.764751,25600
2017-03-06,7.750000,7.940000,7.740000,7.900000,4.856972,65200
2017-03-07,7.920000,7.920000,7.820000,7.900000,4.856972,6800
2017-03-08,7.900000,7.900000,7.750000,7.900000,4.856972,14900
2017-03-09,7.770000,7.830000,7.390000,7.440000,4.574161,82300
2017-03-10,7.600000,7.870000,7.470000,7.500000,4.611050,31500
2017-03-13,7.510000,7.510000,7.400000,7.460000,4.586457,15200
2017-03-14,7.490000,7.490000,7.260000,7.260000,4.463496,52300
2017-03-15,7.260000,7.400000,7.210000,7.390000,4.543421,35000
2017-03-16,7.700000,7.700000,7.260000,7.270000,4.469644,35000
2017-03-17,7.250000,7.400000,7.210000,7.330000,4.506533,12100
2017-03-20,7.700000,7.700000,7.250000,7.490000,4.604901,26300
2017-03-21,7.470000,7.470000,7.200000,7.350000,4.518829,36600
2017-03-22,7.300000,7.460000,7.200000,7.200000,4.426608,28600
2017-03-23,7.300000,7.300000,7.160000,7.200000,4.426608,42700
2017-03-24,7.220000,7.340000,7.180000,7.280000,4.475792,49800
2017-03-27,7.280000,7.400000,7.280000,7.310000,4.494236,78100
2017-03-28,7.300000,7.440000,7.280000,7.320000,4.500384,55800
2017-03-29,7.440000,7.790000,7.400000,7.450000,4.580309,111100
2017-03-30,7.450000,7.630000,7.430000,7.530000,4.629494,82200
2017-03-31,7.560000,7.690000,7.510000,7.520000,4.623346,48200
2017-04-03,7.600000,7.680000,7.540000,7.550000,4.641790,37700
2017-04-04,7.500000,7.550000,7.470000,7.500000,4.611050,32900
2017-04-05,7.480000,7.600000,7.440000,7.440000,4.574161,61000
2017-04-06,7.560000,7.560000,7.480000,7.500000,4.611050,13300
2017-04-07,7.500000,7.590000,7.400000,7.500000,4.611050,29400
2017-04-10,7.470000,7.490000,7.370000,7.490000,4.604901,20800
2017-04-11,7.490000,7.610000,7.450000,7.500000,4.611050,31300
2017-04-12,7.510000,7.550000,7.420000,7.490000,4.604901,32800
2017-04-13,7.480000,7.500000,7.430000,7.500000,4.611050,21100
2017-04-17,7.500000,7.550000,7.500000,7.500000,4.611050,8700
2017-04-18,7.460000,7.500000,7.380000,7.380000,4.537273,33000
2017-04-19,7.590000,7.590000,7.410000,7.450000,4.580309,11300
2017-04-20,7.470000,7.600000,7.460000,7.570000,4.654086,9500
2017-04-24,7.570000,7.600000,7.500000,7.550000,4.641790,34300
2017-04-25,7.590000,7.600000,7.510000,7.590000,4.666382,32300
2017-04-26,7.520000,7.840000,7.520000,7.770000,4.777047,27700
2017-04-27,7.790000,7.790000,7.670000,7.770000,4.777047,17700
2017-04-28,7.830000,7.830000,7.700000,7.770000,4.777047,4900
2017-05-02,7.770000,7.770000,7.500000,7.550000,4.866786,14500
2017-05-03,7.520000,7.600000,7.500000,7.500000,4.834556,40800
2017-05-04,7.570000,7.580000,7.500000,7.500000,4.834556,55400
2017-05-05,7.550000,7.750000,7.550000,7.750000,4.995708,32500
2017-05-08,7.760000,8.550000,7.750000,8.470000,5.459826,71500
2017-05-09,8.500000,8.940000,8.050000,8.550000,5.511394,26600
2017-05-10,8.800000,8.950000,8.210000,8.360000,5.388918,24900
2017-05-11,8.450000,8.480000,8.020000,8.400000,5.414702,24100
2017-05-12,8.460000,8.990000,8.460000,8.600000,5.543624,53400
2017-05-15,8.600000,9.180000,8.550000,9.180000,5.917497,82400
2017-05-16,9.790000,10.320000,9.350000,9.620000,6.201124,234300
2017-05-17,9.700000,9.970000,9.550000,9.870000,6.362276,92200
2017-05-18,9.000000,9.700000,8.450000,9.160000,5.904604,233800
2017-05-19,9.350000,9.800000,9.110000,9.180000,5.917497,69100
2017-05-22,9.070000,9.350000,8.890000,9.010000,5.807914,107800
2017-05-23,9.300000,9.400000,9.100000,9.250000,5.962619,53600
2017-05-24,9.590000,10.010000,9.350000,9.540000,6.149555,81000
2017-05-25,9.650000,9.800000,9.580000,9.800000,6.317153,63000
2017-05-26,9.950000,10.400000,9.950000,10.250000,6.607227,75800
2017-05-29,10.250000,10.250000,10.250000,10.250000,6.607227,0
2017-05-30,10.000000,10.190000,9.250000,9.560000,6.162448,175400
2017-05-31,9.680000,9.980000,9.600000,9.750000,6.284923,52300
2017-06-01,9.850000,10.140000,9.800000,9.990000,6.439629,56300
2017-06-02,10.000000,10.120000,9.850000,9.990000,6.439629,11700
2017-06-05,9.990000,10.020000,9.750000,9.950000,6.413844,15600
2017-06-06,9.940000,9.950000,9.800000,9.940000,6.407398,23300
2017-06-07,9.950000,10.100000,9.890000,10.000000,6.446075,40600
2017-06-08,10.090000,10.190000,9.800000,9.810000,6.323600,10700
2017-06-09,9.900000,9.950000,9.720000,9.720000,6.265585,15000
2017-06-12,9.690000,10.200000,9.610000,10.000000,6.446075,52300
2017-06-13,9.990000,10.020000,9.900000,9.990000,6.439629,24100
2017-06-14,10.000000,10.000000,9.980000,9.990000,6.439629,8700
2017-06-15,9.990000,9.990000,9.990000,9.990000,6.439629,0
2017-06-16,9.980000,10.140000,9.850000,10.080000,6.497643,44700
2017-06-19,10.090000,10.090000,9.850000,9.890000,6.375168,14000
2017-06-20,9.810000,9.810000,9.490000,9.620000,6.201124,50000
2017-06-21,9.700000,10.080000,9.510000,10.040000,6.471859,32400
2017-06-22,10.040000,10.300000,10.000000,10.270000,6.620119,40900
2017-06-23,10.210000,10.990000,10.210000,10.600000,6.832839,108000
2017-06-26,10.600000,10.790000,10.200000,10.200000,6.574996,42200
2017-06-27,10.330000,10.350000,10.150000,10.150000,6.542766,10700
2017-06-28,9.950000,10.160000,9.220000,10.160000,6.549212,76900
2017-06-29,10.000000,10.130000,9.900000,9.990000,6.439629,29500
2017-06-30,10.000000,10.120000,9.700000,9.980000,6.433182,62800
2017-07-03,9.820000,9.840000,9.660000,9.760000,6.291369,63400
2017-07-04,9.750000,9.940000,9.500000,9.600000,6.188232,45300
2017-07-05,9.400000,9.600000,9.140000,9.190000,5.923943,205000
2017-07-06,9.240000,9.900000,9.100000,9.580000,6.175340,186200
2017-07-07,9.700000,9.950000,9.690000,9.900000,6.381614,75800
2017-07-10,9.850000,9.880000,9.650000,9.840000,6.342938,72800
2017-07-11,9.700000,9.890000,9.610000,9.740000,6.278477,60400
2017-07-12,9.760000,9.800000,9.510000,9.540000,6.149555,76600
2017-07-13,9.560000,9.620000,9.300000,9.320000,6.007741,150900
2017-07-14,9.350000,9.610000,9.350000,9.600000,6.188232,112100
2017-07-17,9.610000,9.680000,9.370000,9.680000,6.239800,114600
2017-07-18,9.570000,10.300000,9.570000,10.150000,6.542766,187600
2017-07-19,10.290000,10.500000,10.150000,10.250000,6.607227,110900
2017-07-20,10.260000,10.940000,10.260000,10.680000,6.884408,114700
2017-07-21,10.680000,10.790000,10.350000,10.480000,6.755486,50500
2017-07-24,10.220000,10.290000,9.900000,10.000000,6.446075,172100
2017-07-25,11.200000,12.300000,11.040000,12.000000,7.735290,692000
2017-07-26,12.450000,13.200000,12.000000,12.430000,8.012471,644200
2017-07-27,13.050000,14.150000,12.710000,13.070000,8.425019,897300
2017-07-28,8.750000,9.500000,8.750000,9.260000,9.260000,710800
2017-07-31,9.360000,9.390000,8.920000,9.110000,9.110000,257900
2017-08-01,9.200000,9.220000,8.750000,8.860000,8.860000,165900
2017-08-02,8.900000,9.100000,8.780000,9.100000,9.100000,194700
2017-08-03,9.070000,9.480000,9.030000,9.310000,9.310000,140400
2017-08-04,9.310000,9.410000,9.130000,9.150000,9.150000,77600
2017-08-07,9.250000,9.250000,9.000000,9.070000,9.070000,95600
2017-08-08,9.140000,9.310000,9.080000,9.180000,9.180000,255900
2017-08-09,9.200000,9.250000,9.100000,9.210000,9.210000,49300
2017-08-10,9.250000,9.300000,9.130000,9.230000,9.230000,59100
2017-08-11,9.230000,9.330000,9.150000,9.240000,9.240000,117300
2017-08-14,9.350000,9.800000,9.210000,9.700000,9.700000,230000
2017-08-15,10.230000,11.850000,10.230000,11.360000,11.360000,446100
2017-08-16,11.450000,11.750000,10.860000,11.010000,11.010000,300300
2017-08-17,10.890000,10.890000,10.500000,10.560000,10.560000,273600
2017-08-18,10.700000,10.700000,10.210000,10.450000,10.450000,74100
2017-08-21,10.380000,10.400000,10.030000,10.200000,10.200000,99400
2017-08-22,10.220000,10.350000,10.050000,10.240000,10.240000,213800
2017-08-23,10.260000,11.280000,10.260000,11.040000,11.040000,264400
2017-08-24,11.200000,11.400000,10.990000,11.200000,11.200000,158400
2017-08-25,11.170000,11.300000,10.890000,10.900000,10.900000,189400
2017-08-28,10.960000,11.100000,10.650000,10.860000,10.860000,155900
2017-08-29,10.800000,10.800000,10.450000,10.620000,10.620000,95400
2017-08-30,10.620000,10.750000,10.250000,10.400000,10.400000,127600
2017-08-31,10.520000,10.670000,10.280000,10.310000,10.310000,150700
2017-09-01,10.400000,10.500000,10.060000,10.450000,10.450000,155400
2017-09-04,10.500000,10.820000,10.480000,10.730000,10.730000,112100
2017-09-05,10.820000,10.900000,10.550000,10.550000,10.550000,103000
2017-09-06,10.650000,10.860000,10.560000,10.800000,10.800000,61500
2017-09-07,10.800000,10.800000,10.800000,10.800000,10.800000,0
2017-09-08,10.910000,10.950000,10.660000,10.800000,10.800000,53000
2017-09-11,10.920000,11.170000,10.810000,11.100000,11.100000,109600
2017-09-12,11.100000,11.500000,11.050000,11.400000,11.400000,124200
2017-09-13,11.400000,12.000000,11.310000,11.970000,11.970000,96400
2017-09-14,12.000000,12.400000,11.700000,11.740000,11.740000,111500
2017-09-15,12.060000,12.190000,11.850000,12.100000,12.100000,80000
2017-09-18,12.170000,12.600000,12.170000,12.500000,12.500000,72200
2017-09-19,12.500000,12.500000,12.130000,12.230000,12.230000,65300
2017-09-20,12.370000,12.600000,12.200000,12.300000,12.300000,77900
2017-09-21,12.400000,12.470000,12.160000,12.470000,12.470000,45100
2017-09-22,12.310000,12.490000,12.310000,12.440000,12.440000,97500
2017-09-25,12.440000,12.500000,11.800000,11.960000,11.960000,65100
2017-09-26,12.010000,12.360000,12.010000,12.310000,12.310000,20000
2017-09-27,12.350000,12.420000,12.030000,12.050000,12.050000,38700
2017-09-28,12.000000,12.140000,12.000000,12.070000,12.070000,10400
2017-09-29,12.190000,12.200000,11.900000,11.900000,11.900000,71200
2017-10-02,11.920000,12.400000,11.900000,12.280000,12.280000,86200
2017-10-03,12.370000,12.480000,12.290000,12.300000,12.300000,75800
2017-10-04,12.200000,12.480000,12.200000,12.300000,12.300000,74000
2017-10-05,12.400000,12.400000,12.140000,12.160000,12.160000,52600
2017-10-06,12.180000,12.300000,12.000000,12.300000,12.300000,85200
2017-10-09,12.400000,12.400000,12.090000,12.300000,12.300000,22100
2017-10-10,12.300000,12.500000,12.250000,12.470000,12.470000,127500
2017-10-11,12.490000,12.530000,12.160000,12.390000,12.390000,50400
2017-10-12,12.390000,12.390000,12.390000,12.390000,12.390000,0
2017-10-13,12.530000,12.530000,12.210000,12.410000,12.410000,89600
2017-10-16,12.300000,12.500000,12.290000,12.300000,12.300000,54400
2017-10-17,12.400000,12.480000,12.230000,12.370000,12.370000,108600
2017-10-18,12.450000,13.400000,12.450000,13.360000,13.360000,306200
2017-10-19,13.360000,13.600000,13.030000,13.210000,13.210000,148800
2017-10-20,13.300000,13.450000,13.140000,13.420000,13.420000,41500
2017-10-23,13.480000,13.680000,13.200000,13.220000,13.220000,64400
2017-10-24,13.400000,13.500000,13.350000,13.400000,13.400000,120900
2017-10-25,13.400000,13.840000,13.200000,13.210000,13.210000,70900
2017-10-26,13.300000,13.700000,13.250000,13.400000,13.400000,46000
2017-10-27,13.510000,13.540000,13.250000,13.260000,13.260000,41600
2017-10-30,13.360000,13.590000,13.090000,13.340000,13.340000,36100
2017-10-31,13.380000,13.380000,13.120000,13.120000,13.120000,95700
2017-11-01,13.140000,13.270000,12.880000,12.900000,12.900000,69000
2017-11-02,12.900000,12.900000,12.900000,12.900000,12.900000,0
2017-11-03,13.000000,13.000000,12.400000,12.910000,12.910000,49100
2017-11-06,13.090000,13.400000,13.090000,13.400000,13.400000,38300
2017-11-07,13.450000,13.500000,12.860000,13.000000,13.000000,43800
2017-11-08,13.010000,13.790000,13.010000,13.790000,13.790000,76700
2017-11-09,13.800000,14.320000,13.190000,13.850000,13.850000,142100
2017-11-10,13.850000,14.040000,13.680000,13.950000,13.950000,32900
2017-11-13,13.990000,14.910000,13.990000,14.900000,14.900000,98700
2017-11-14,15.000000,15.250000,14.500000,14.900000,14.900000,80000
2017-11-15,14.900000,14.900000,14.900000,14.900000,14.900000,0
2017-11-16,15.730000,17.090000,15.730000,17.059999,17.059999,195400
2017-11-17,17.240000,17.549999,16.799999,17.010000,17.010000,121200
2017-11-20,17.010000,17.010000,17.010000,17.010000,17.010000,0
2017-11-21,17.299999,17.440001,17.080000,17.299999,17.299999,94100
2017-11-22,17.270000,17.500000,17.180000,17.299999,17.299999,123400
2017-11-23,17.299999,17.500000,17.280001,17.350000,17.350000,56500
2017-11-24,17.490000,17.490000,17.150000,17.150000,17.150000,53200
2017-11-27,17.160000,17.240000,16.889999,17.129999,17.129999,35100
2017-11-28,17.080000,17.090000,16.680000,16.760000,16.760000,64600
2017-11-29,16.770000,17.080000,16.500000,16.549999,16.549999,48000
2017-11-30,16.559999,16.700001,16.120001,16.280001,16.280001,57700
2017-12-01,16.280001,16.500000,15.800000,16.400000,16.400000,104300
2017-12-04,16.480000,16.490000,16.000000,16.000000,16.000000,40600
2017-12-05,16.110001,16.290001,15.920000,16.000000,16.000000,62000
2017-12-06,16.020000,16.180000,15.700000,16.000000,16.000000,33300
2017-12-07,16.000000,16.389999,15.800000,16.299999,16.299999,43000
2017-12-08,16.400000,16.780001,16.370001,16.750000,16.750000,130000
2017-12-11,16.760000,16.920000,16.620001,16.700001,16.700001,58100
2017-12-12,16.700001,16.700001,16.030001,16.110001,16.110001,184800
2017-12-13,16.100000,16.590000,15.870000,16.400000,16.400000,79600
2017-12-14,16.500000,16.900000,16.480000,16.580000,16.580000,71200
2017-12-15,16.590000,16.790001,16.400000,16.400000,16.400000,38800
2017-12-18,16.400000,16.740000,16.360001,16.450001,16.450001,45700
2017-12-19,16.540001,16.690001,16.400000,16.400000,16.400000,27200
2017-12-20,16.500000,16.700001,16.430000,16.600000,16.600000,54400
2017-12-21,16.600000,16.700001,16.410000,16.639999,16.639999,79700
2017-12-22,16.549999,16.580000,16.440001,16.480000,16.480000,70400
2017-12-25,16.480000,16.480000,16.480000,16.480000,16.480000,0
2017-12-26,16.600000,16.780001,16.350000,16.510000,16.510000,51600
2017-12-27,16.510000,16.650000,16.260000,16.260000,16.260000,77900
2017-12-28,16.400000,16.400000,15.810000,15.850000,15.850000,235800
2017-12-29,15.850000,15.850000,15.850000,15.850000,15.850000,0
2018-01-01,15.850000,15.850000,15.850000,15.850000,15.850000,0
2018-01-02,16.010000,16.680000,15.910000,16.680000,16.680000,68100
2018-01-03,16.450001,17.900000,16.450001,17.900000,17.900000,253300
2018-01-04,18.139999,18.200001,17.600000,17.709999,17.709999,152700
2018-01-05,17.860001,18.090000,17.660000,17.990000,17.990000,121500
2018-01-08,17.900000,18.959999,17.850000,18.799999,18.799999,283900
2018-01-09,18.799999,19.500000,18.520000,18.940001,18.940001,195500
2018-01-10,18.950001,19.110001,18.260000,18.990000,18.990000,254800
2018-01-11,19.260000,20.340000,19.000000,20.190001,20.190001,561900
2018-01-12,20.100000,21.430000,20.000000,20.799999,20.799999,366400
2018-01-15,21.020000,21.660000,21.000000,21.530001,21.530001,185600
2018-01-16,21.850000,22.520000,21.850000,22.459999,22.459999,370200
2018-01-17,22.500000,22.780001,20.540001,20.900000,20.900000,627400
2018-01-18,21.049999,21.290001,20.080000,20.500000,20.500000,268500
2018-01-19,20.650000,20.850000,20.200001,20.830000,20.830000,121900
2018-01-22,20.799999,20.840000,20.410000,20.420000,20.420000,86200
2018-01-23,20.200001,20.200001,19.500000,19.559999,19.559999,244500
2018-01-24,19.910000,21.200001,19.910000,21.190001,21.190001,346500
2018-01-25,21.190001,21.190001,21.190001,21.190001,21.190001,0
2018-01-26,21.400000,21.700001,21.139999,21.250000,21.250000,194200
2018-01-29,21.389999,21.799999,20.600000,21.790001,21.790001,172100
2018-01-30,21.690001,22.000000,21.600000,21.799999,21.799999,117400
2018-01-31,21.799999,22.000000,21.340000,21.340000,21.340000,142400
2018-02-01,21.490000,21.980000,21.330000,21.840000,21.840000,80700
2018-02-02,21.740000,21.850000,21.219999,21.700001,21.700001,63800
2018-02-05,21.990000,22.750000,21.350000,22.480000,22.480000,296000
2018-02-06,22.440001,22.500000,21.709999,22.350000,22.350000,195700
2018-02-07,22.400000,22.500000,21.820000,22.500000,22.500000,112500
2018-02-08,22.490000,22.750000,22.180000,22.510000,22.510000,117200
2018-02-09,22.629999,22.700001,22.219999,22.600000,22.600000,106600
2018-02-12,22.600000,22.600000,22.600000,22.600000,22.600000,0
2018-02-13,22.600000,22.600000,22.600000,22.600000,22.600000,0
2018-02-14,22.610001,24.799999,22.610001,24.799999,24.799999,261300
